Time,Current Total Count
2005/7/24 00:00,0
2005/7/24 00:30,-1
2005/7/24 01:00,-1
2005/7/24 01:30,-1
2005/7/24 02:00,-1
2005/7/24 02:30,-3
2005/7/24 03:00,-3
2005/7/24 03:30,-3
2005/7/24 04:00,-3
2005/7/24 04:30,-3
2005/7/24 05:00,-3
2005/7/24 05:30,-3
2005/7/24 06:00,-3
2005/7/24 06:30,-3
2005/7/24 07:00,-3
2005/7/24 07:30,-2
2005/7/24 08:00,-2
2005/7/24 08:30,-2
2005/7/24 09:00,-1
2005/7/24 09:30,-1
2005/7/24 10:00,-1
2005/7/24 10:30,-1
2005/7/24 11:00,-2
2005/7/24 11:30,-2
2005/7/24 12:00,-2
2005/7/24 12:30,-2
2005/7/24 13:00,-2
2005/7/24 13:30,-2
2005/7/24 14:00,-2
2005/7/24 14:30,-2
2005/7/24 15:00,-2
2005/7/24 15:30,0
2005/7/24 16:00,0
2005/7/24 16:30,1
2005/7/24 17:00,1
2005/7/24 17:30,0
2005/7/24 18:00,0
2005/7/24 18:30,-1
2005/7/24 19:00,-3
2005/7/24 19:30,-2
2005/7/24 20:00,-2
2005/7/24 20:30,-2
2005/7/24 21:00,-5
2005/7/24 21:30,-7
2005/7/24 22:00,-7
2005/7/24 22:30,-7
2005/7/24 23:00,-9
2005/7/24 23:30,-9
2005/7/25 00:00,-1
2005/7/25 00:30,-1
2005/7/25 01:00,-1
2005/7/25 01:30,-1
2005/7/25 02:00,-1
2005/7/25 02:30,-1
2005/7/25 03:00,-1
2005/7/25 03:30,-1
2005/7/25 04:00,-1
2005/7/25 04:30,-1
2005/7/25 05:00,-3
2005/7/25 05:30,-3
2005/7/25 06:00,-2
2005/7/25 06:30,-2
2005/7/25 07:00,0
2005/7/25 07:30,0
2005/7/25 08:00,0
2005/7/25 08:30,5
2005/7/25 09:00,10
2005/7/25 09:30,18
2005/7/25 10:00,30
2005/7/25 10:30,26
2005/7/25 11:00,28
2005/7/25 11:30,26
2005/7/25 12:00,24
2005/7/25 12:30,22
2005/7/25 13:00,27
2005/7/25 13:30,42
2005/7/25 14:00,38
2005/7/25 14:30,38
2005/7/25 15:00,45
2005/7/25 15:30,49
2005/7/25 16:00,44
2005/7/25 16:30,41
2005/7/25 17:00,32
2005/7/25 17:30,32
2005/7/25 18:00,27
2005/7/25 18:30,22
2005/7/25 19:00,24
2005/7/25 19:30,22
2005/7/25 20:00,21
2005/7/25 20:30,18
2005/7/25 21:00,21
2005/7/25 21:30,23
2005/7/25 22:00,22
2005/7/25 22:30,20
2005/7/25 23:00,17
2005/7/25 23:30,14
2005/7/26 00:00,0
2005/7/26 00:30,-4
2005/7/26 01:00,-4
2005/7/26 01:30,-6
2005/7/26 02:00,-6
2005/7/26 02:30,-6
2005/7/26 03:00,-6
2005/7/26 03:30,-6
2005/7/26 04:00,-6
2005/7/26 04:30,-6
2005/7/26 05:00,-6
2005/7/26 05:30,-7
2005/7/26 06:00,-4
2005/7/26 06:30,-3
2005/7/26 07:00,2
2005/7/26 07:30,2
2005/7/26 08:00,2
2005/7/26 08:30,1
2005/7/26 09:00,5
2005/7/26 09:30,9
2005/7/26 10:00,12
2005/7/26 10:30,16
2005/7/26 11:00,17
2005/7/26 11:30,34
2005/7/26 12:00,39
2005/7/26 12:30,36
2005/7/26 13:00,23
2005/7/26 13:30,23
2005/7/26 14:00,21
2005/7/26 14:30,20
2005/7/26 15:00,27
2005/7/26 15:30,30
2005/7/26 16:00,27
2005/7/26 16:30,30
2005/7/26 17:00,19
2005/7/26 17:30,14
2005/7/26 18:00,9
2005/7/26 18:30,6
2005/7/26 19:00,1
2005/7/26 19:30,2
2005/7/26 20:00,0
2005/7/26 20:30,0
2005/7/26 21:00,-1
2005/7/26 21:30,-1
2005/7/26 22:00,-3
2005/7/26 22:30,-2
2005/7/26 23:00,-3
2005/7/26 23:30,-3
2005/7/27 00:00,-1
2005/7/27 00:30,-3
2005/7/27 01:00,-3
2005/7/27 01:30,-3
2005/7/27 02:00,-3
2005/7/27 02:30,-3
2005/7/27 03:00,-3
2005/7/27 03:30,-4
2005/7/27 04:00,-4
2005/7/27 04:30,-4
2005/7/27 05:00,-4
2005/7/27 05:30,-4
2005/7/27 06:00,-4
2005/7/27 06:30,-4
2005/7/27 07:00,-2
2005/7/27 07:30,-2
2005/7/27 08:00,0
2005/7/27 08:30,1
2005/7/27 09:00,3
2005/7/27 09:30,6
2005/7/27 10:00,12
2005/7/27 10:30,28
2005/7/27 11:00,35
2005/7/27 11:30,82
2005/7/27 12:00,86
2005/7/27 12:30,87
2005/7/27 13:00,66
2005/7/27 13:30,56
2005/7/27 14:00,60
2005/7/27 14:30,65
2005/7/27 15:00,56
2005/7/27 15:30,54
2005/7/27 16:00,52
2005/7/27 16:30,50
2005/7/27 17:00,39
2005/7/27 17:30,29
2005/7/27 18:00,26
2005/7/27 18:30,24
2005/7/27 19:00,23
2005/7/27 19:30,23
2005/7/27 20:00,21
2005/7/27 20:30,19
2005/7/27 21:00,19
2005/7/27 21:30,18
2005/7/27 22:00,20
2005/7/27 22:30,20
2005/7/27 23:00,19
2005/7/27 23:30,17
2005/7/28 00:00,0
2005/7/28 00:30,0
2005/7/28 01:00,-2
2005/7/28 01:30,-2
2005/7/28 02:00,-2
2005/7/28 02:30,-2
2005/7/28 03:00,-2
2005/7/28 03:30,-2
2005/7/28 04:00,-2
2005/7/28 04:30,-4
2005/7/28 05:00,-4
2005/7/28 05:30,-4
2005/7/28 06:00,-4
2005/7/28 06:30,-4
2005/7/28 07:00,-2
2005/7/28 07:30,-2
2005/7/28 08:00,-2
2005/7/28 08:30,9
2005/7/28 09:00,18
2005/7/28 09:30,18
2005/7/28 10:00,31
2005/7/28 10:30,41
2005/7/28 11:00,41
2005/7/28 11:30,50
2005/7/28 12:00,45
2005/7/28 12:30,33
2005/7/28 13:00,34
2005/7/28 13:30,46
2005/7/28 14:00,60
2005/7/28 14:30,59
2005/7/28 15:00,60
2005/7/28 15:30,62
2005/7/28 16:00,61
2005/7/28 16:30,57
2005/7/28 17:00,50
2005/7/28 17:30,42
2005/7/28 18:00,32
2005/7/28 18:30,28
2005/7/28 19:00,26
2005/7/28 19:30,27
2005/7/28 20:00,26
2005/7/28 20:30,28
2005/7/28 21:00,29
2005/7/28 21:30,30
2005/7/28 22:00,29
2005/7/28 22:30,29
2005/7/28 23:00,27
2005/7/28 23:30,27
2005/7/29 00:00,-4
2005/7/29 00:30,-4
2005/7/29 01:00,-4
2005/7/29 01:30,-5
2005/7/29 02:00,-5
2005/7/29 02:30,-5
2005/7/29 03:00,-7
2005/7/29 03:30,-7
2005/7/29 04:00,-7
2005/7/29 04:30,-7
2005/7/29 05:00,-7
2005/7/29 05:30,-7
2005/7/29 06:00,-7
2005/7/29 06:30,-7
2005/7/29 07:00,-7
2005/7/29 07:30,-5
2005/7/29 08:00,3
2005/7/29 08:30,6
2005/7/29 09:00,30
2005/7/29 09:30,40
2005/7/29 10:00,26
2005/7/29 10:30,25
2005/7/29 11:00,18
2005/7/29 11:30,29
2005/7/29 12:00,15
2005/7/29 12:30,15
2005/7/29 13:00,19
2005/7/29 13:30,37
2005/7/29 14:00,49
2005/7/29 14:30,53
2005/7/29 15:00,52
2005/7/29 15:30,54
2005/7/29 16:00,50
2005/7/29 16:30,36
2005/7/29 17:00,34
2005/7/29 17:30,34
2005/7/29 18:00,28
2005/7/29 18:30,27
2005/7/29 19:00,26
2005/7/29 19:30,26
2005/7/29 20:00,26
2005/7/29 20:30,25
2005/7/29 21:00,23
2005/7/29 21:30,23
2005/7/29 22:00,22
2005/7/29 22:30,17
2005/7/29 23:00,16
2005/7/29 23:30,13
2005/7/30 00:00,0
2005/7/30 00:30,-2
2005/7/30 01:00,-2
2005/7/30 01:30,-4
2005/7/30 02:00,-4
2005/7/30 02:30,-5
2005/7/30 03:00,-5
2005/7/30 03:30,-5
2005/7/30 04:00,-5
2005/7/30 04:30,-5
2005/7/30 05:00,-5
2005/7/30 05:30,-5
2005/7/30 06:00,-5
2005/7/30 06:30,-2
2005/7/30 07:00,-2
2005/7/30 07:30,-2
2005/7/30 08:00,-2
2005/7/30 08:30,-2
2005/7/30 09:00,-2
2005/7/30 09:30,-2
2005/7/30 10:00,-2
2005/7/30 10:30,-2
2005/7/30 11:00,-2
2005/7/30 11:30,-2
2005/7/30 12:00,-2
2005/7/30 12:30,-2
2005/7/30 13:00,-2
2005/7/30 13:30,-3
2005/7/30 14:00,-2
2005/7/30 14:30,-2
2005/7/30 15:00,-2
2005/7/30 15:30,-3
2005/7/30 16:00,-4
2005/7/30 16:30,-4
2005/7/30 17:00,-4
2005/7/30 17:30,-4
2005/7/30 18:00,-4
2005/7/30 18:30,-4
2005/7/30 19:00,-4
2005/7/30 19:30,-5
2005/7/30 20:00,-5
2005/7/30 20:30,-5
2005/7/30 21:00,-5
2005/7/30 21:30,-5
2005/7/30 22:00,-5
2005/7/30 22:30,-6
2005/7/30 23:00,-6
2005/7/30 23:30,-6
2005/7/31 00:00,0
2005/7/31 00:30,0
2005/7/31 01:00,0
2005/7/31 01:30,0
2005/7/31 02:00,-1
2005/7/31 02:30,-1
2005/7/31 03:00,-1
2005/7/31 03:30,-1
2005/7/31 04:00,-1
2005/7/31 04:30,-1
2005/7/31 05:00,-1
2005/7/31 05:30,-1
2005/7/31 06:00,-1
2005/7/31 06:30,-1
2005/7/31 07:00,-1
2005/7/31 07:30,-1
2005/7/31 08:00,-1
2005/7/31 08:30,-1
2005/7/31 09:00,-1
2005/7/31 09:30,-1
2005/7/31 10:00,-1
2005/7/31 10:30,-1
2005/7/31 11:00,-1
2005/7/31 11:30,-1
2005/7/31 12:00,-2
2005/7/31 12:30,-3
2005/7/31 13:00,-3
2005/7/31 13:30,-2
2005/7/31 14:00,-1
2005/7/31 14:30,-1
2005/7/31 15:00,-1
2005/7/31 15:30,-2
2005/7/31 16:00,-2
2005/7/31 16:30,-3
2005/7/31 17:00,-4
2005/7/31 17:30,-4
2005/7/31 18:00,-4
2005/7/31 18:30,-4
2005/7/31 19:00,-7
2005/7/31 19:30,-9
2005/7/31 20:00,-10
2005/7/31 20:30,-10
2005/7/31 21:00,-11
2005/7/31 21:30,-12
2005/7/31 22:00,-13
2005/7/31 22:30,-13
2005/7/31 23:00,-15
2005/7/31 23:30,-15
2005/8/1 00:00,-1
2005/8/1 00:30,-1
2005/8/1 01:00,-1
2005/8/1 01:30,-1
2005/8/1 02:00,-1
2005/8/1 02:30,-1
2005/8/1 03:00,-1
2005/8/1 03:30,-1
2005/8/1 04:00,-1
2005/8/1 04:30,-1
2005/8/1 05:00,-1
2005/8/1 05:30,-1
2005/8/1 06:00,-1
2005/8/1 06:30,0
2005/8/1 07:00,3
2005/8/1 07:30,6
2005/8/1 08:00,11
2005/8/1 08:30,13
2005/8/1 09:00,16
2005/8/1 09:30,14
2005/8/1 10:00,19
2005/8/1 10:30,21
2005/8/1 11:00,22
2005/8/1 11:30,24
2005/8/1 12:00,17
2005/8/1 12:30,18
2005/8/1 13:00,30
2005/8/1 13:30,40
2005/8/1 14:00,43
2005/8/1 14:30,37
2005/8/1 15:00,37
2005/8/1 15:30,36
2005/8/1 16:00,35
2005/8/1 16:30,31
2005/8/1 17:00,30
2005/8/1 17:30,25
2005/8/1 18:00,22
2005/8/1 18:30,19
2005/8/1 19:00,17
2005/8/1 19:30,17
2005/8/1 20:00,16
2005/8/1 20:30,15
2005/8/1 21:00,13
2005/8/1 21:30,13
2005/8/1 22:00,11
2005/8/1 22:30,11
2005/8/1 23:00,10
2005/8/1 23:30,8
2005/8/2 00:00,-2
2005/8/2 00:30,-2
2005/8/2 01:00,-3
2005/8/2 01:30,-3
2005/8/2 02:00,-4
2005/8/2 02:30,-4
2005/8/2 03:00,-4
2005/8/2 03:30,-4
2005/8/2 04:00,-4
2005/8/2 04:30,-4
2005/8/2 05:00,-5
2005/8/2 05:30,-5
2005/8/2 06:00,-5
2005/8/2 06:30,-6
2005/8/2 07:00,-5
2005/8/2 07:30,-4
2005/8/2 08:00,-4
2005/8/2 08:30,-4
2005/8/2 09:00,2
2005/8/2 09:30,7
2005/8/2 10:00,7
2005/8/2 10:30,7
2005/8/2 11:00,5
2005/8/2 11:30,7
2005/8/2 12:00,0
2005/8/2 12:30,1
2005/8/2 13:00,5
2005/8/2 13:30,3
2005/8/2 14:00,9
2005/8/2 14:30,11
2005/8/2 15:00,22
2005/8/2 15:30,35
2005/8/2 16:00,42
2005/8/2 16:30,31
2005/8/2 17:00,28
2005/8/2 17:30,30
2005/8/2 18:00,23
2005/8/2 18:30,18
2005/8/2 19:00,12
2005/8/2 19:30,12
2005/8/2 20:00,12
2005/8/2 20:30,12
2005/8/2 21:00,12
2005/8/2 21:30,13
2005/8/2 22:00,13
2005/8/2 22:30,12
2005/8/2 23:00,12
2005/8/2 23:30,12
2005/8/3 00:00,0
2005/8/3 00:30,0
2005/8/3 01:00,-1
2005/8/3 01:30,-1
2005/8/3 02:00,-1
2005/8/3 02:30,-1
2005/8/3 03:00,-1
2005/8/3 03:30,-1
2005/8/3 04:00,-1
2005/8/3 04:30,-1
2005/8/3 05:00,0
2005/8/3 05:30,0
2005/8/3 06:00,0
2005/8/3 06:30,1
2005/8/3 07:00,1
2005/8/3 07:30,4
2005/8/3 08:00,4
2005/8/3 08:30,7
2005/8/3 09:00,9
2005/8/3 09:30,13
2005/8/3 10:00,28
2005/8/3 10:30,28
2005/8/3 11:00,28
2005/8/3 11:30,43
2005/8/3 12:00,45
2005/8/3 12:30,41
2005/8/3 13:00,48
2005/8/3 13:30,43
2005/8/3 14:00,49
2005/8/3 14:30,56
2005/8/3 15:00,52
2005/8/3 15:30,56
2005/8/3 16:00,51
2005/8/3 16:30,53
2005/8/3 17:00,52
2005/8/3 17:30,48
2005/8/3 18:00,44
2005/8/3 18:30,41
2005/8/3 19:00,42
2005/8/3 19:30,33
2005/8/3 20:00,32
2005/8/3 20:30,33
2005/8/3 21:00,36
2005/8/3 21:30,33
2005/8/3 22:00,34
2005/8/3 22:30,33
2005/8/3 23:00,33
2005/8/3 23:30,30
2005/8/4 00:00,0
2005/8/4 00:30,0
2005/8/4 01:00,0
2005/8/4 01:30,-1
2005/8/4 02:00,-1
2005/8/4 02:30,-1
2005/8/4 03:00,-1
2005/8/4 03:30,-1
2005/8/4 04:00,-1
2005/8/4 04:30,-1
2005/8/4 05:00,-1
2005/8/4 05:30,-1
2005/8/4 06:00,-1
2005/8/4 06:30,-1
2005/8/4 07:00,1
2005/8/4 07:30,1
2005/8/4 08:00,2
2005/8/4 08:30,2
2005/8/4 09:00,10
2005/8/4 09:30,20
2005/8/4 10:00,16
2005/8/4 10:30,22
2005/8/4 11:00,21
2005/8/4 11:30,17
2005/8/4 12:00,5
2005/8/4 12:30,4
2005/8/4 13:00,14
2005/8/4 13:30,22
2005/8/4 14:00,33
2005/8/4 14:30,31
2005/8/4 15:00,33
2005/8/4 15:30,28
2005/8/4 16:00,46
2005/8/4 16:30,62
2005/8/4 17:00,62
2005/8/4 17:30,46
2005/8/4 18:00,26
2005/8/4 18:30,21
2005/8/4 19:00,21
2005/8/4 19:30,21
2005/8/4 20:00,20
2005/8/4 20:30,20
2005/8/4 21:00,20
2005/8/4 21:30,17
2005/8/4 22:00,16
2005/8/4 22:30,16
2005/8/4 23:00,16
2005/8/4 23:30,14
2005/8/5 00:00,0
2005/8/5 00:30,0
2005/8/5 01:00,0
2005/8/5 01:30,-1
2005/8/5 02:00,-1
2005/8/5 02:30,-2
2005/8/5 03:00,-2
2005/8/5 03:30,-2
2005/8/5 04:00,-4
2005/8/5 04:30,-4
2005/8/5 05:00,-3
2005/8/5 05:30,-3
2005/8/5 06:00,-3
2005/8/5 06:30,-2
2005/8/5 07:00,-2
2005/8/5 07:30,-2
2005/8/5 08:00,3
2005/8/5 08:30,9
2005/8/5 09:00,24
2005/8/5 09:30,31
2005/8/5 10:00,21
2005/8/5 10:30,22
2005/8/5 11:00,26
2005/8/5 11:30,33
2005/8/5 12:00,23
2005/8/5 12:30,19
2005/8/5 13:00,30
2005/8/5 13:30,45
2005/8/5 14:00,45
2005/8/5 14:30,49
2005/8/5 15:00,54
2005/8/5 15:30,48
2005/8/5 16:00,42
2005/8/5 16:30,40
2005/8/5 17:00,33
2005/8/5 17:30,30
2005/8/5 18:00,26
2005/8/5 18:30,25
2005/8/5 19:00,25
2005/8/5 19:30,26
2005/8/5 20:00,24
2005/8/5 20:30,24
2005/8/5 21:00,23
2005/8/5 21:30,22
2005/8/5 22:00,23
2005/8/5 22:30,22
2005/8/5 23:00,22
2005/8/5 23:30,21
2005/8/6 00:00,0
2005/8/6 00:30,0
2005/8/6 01:00,0
2005/8/6 01:30,0
2005/8/6 02:00,0
2005/8/6 02:30,0
2005/8/6 03:00,0
2005/8/6 03:30,0
2005/8/6 04:00,0
2005/8/6 04:30,0
2005/8/6 05:00,0
2005/8/6 05:30,0
2005/8/6 06:00,0
2005/8/6 06:30,0
2005/8/6 07:00,0
2005/8/6 07:30,0
2005/8/6 08:00,0
2005/8/6 08:30,0
2005/8/6 09:00,0
2005/8/6 09:30,0
2005/8/6 10:00,-1
2005/8/6 10:30,-1
2005/8/6 11:00,-1
2005/8/6 11:30,-1
2005/8/6 12:00,-1
2005/8/6 12:30,-1
2005/8/6 13:00,-3
2005/8/6 13:30,-3
2005/8/6 14:00,-3
2005/8/6 14:30,-3
2005/8/6 15:00,-3
2005/8/6 15:30,-4
2005/8/6 16:00,-4
2005/8/6 16:30,-6
2005/8/6 17:00,-6
2005/8/6 17:30,-6
2005/8/6 18:00,-7
2005/8/6 18:30,-7
2005/8/6 19:00,-7
2005/8/6 19:30,-7
2005/8/6 20:00,-13
2005/8/6 20:30,-13
2005/8/6 21:00,-13
2005/8/6 21:30,-13
2005/8/6 22:00,-13
2005/8/6 22:30,-14
2005/8/6 23:00,-14
2005/8/6 23:30,-14
2005/8/7 00:00,0
2005/8/7 00:30,0
2005/8/7 01:00,0
2005/8/7 01:30,0
2005/8/7 02:00,-2
2005/8/7 02:30,-2
2005/8/7 03:00,-2
2005/8/7 03:30,-2
2005/8/7 04:00,-2
2005/8/7 04:30,-2
2005/8/7 05:00,-2
2005/8/7 05:30,-2
2005/8/7 06:00,-2
2005/8/7 06:30,-2
2005/8/7 07:00,-2
2005/8/7 07:30,-2
2005/8/7 08:00,-2
2005/8/7 08:30,-2
2005/8/7 09:00,-2
2005/8/7 09:30,-2
2005/8/7 10:00,-2
2005/8/7 10:30,-2
2005/8/7 11:00,-2
2005/8/7 11:30,-2
2005/8/7 12:00,-3
2005/8/7 12:30,-2
2005/8/7 13:00,-2
2005/8/7 13:30,-2
2005/8/7 14:00,-4
2005/8/7 14:30,-4
2005/8/7 15:00,-4
2005/8/7 15:30,-4
2005/8/7 16:00,-4
2005/8/7 16:30,-5
2005/8/7 17:00,-5
2005/8/7 17:30,-5
2005/8/7 18:00,-5
2005/8/7 18:30,-6
2005/8/7 19:00,-7
2005/8/7 19:30,-6
2005/8/7 20:00,-6
2005/8/7 20:30,-6
2005/8/7 21:00,-6
2005/8/7 21:30,-6
2005/8/7 22:00,-6
2005/8/7 22:30,-6
2005/8/7 23:00,-9
2005/8/7 23:30,-9
2005/8/8 00:00,-1
2005/8/8 00:30,-1
2005/8/8 01:00,-1
2005/8/8 01:30,-1
2005/8/8 02:00,-1
2005/8/8 02:30,-1
2005/8/8 03:00,-1
2005/8/8 03:30,-1
2005/8/8 04:00,-1
2005/8/8 04:30,-1
2005/8/8 05:00,-1
2005/8/8 05:30,-3
2005/8/8 06:00,-4
2005/8/8 06:30,-4
2005/8/8 07:00,-5
2005/8/8 07:30,-3
2005/8/8 08:00,-1
2005/8/8 08:30,0
2005/8/8 09:00,3
2005/8/8 09:30,15
2005/8/8 10:00,17
2005/8/8 10:30,27
2005/8/8 11:00,33
2005/8/8 11:30,31
2005/8/8 12:00,29
2005/8/8 12:30,23
2005/8/8 13:00,42
2005/8/8 13:30,54
2005/8/8 14:00,56
2005/8/8 14:30,63
2005/8/8 15:00,66
2005/8/8 15:30,64
2005/8/8 16:00,59
2005/8/8 16:30,59
2005/8/8 17:00,57
2005/8/8 17:30,48
2005/8/8 18:00,40
2005/8/8 18:30,35
2005/8/8 19:00,34
2005/8/8 19:30,33
2005/8/8 20:00,33
2005/8/8 20:30,35
2005/8/8 21:00,35
2005/8/8 21:30,35
2005/8/8 22:00,33
2005/8/8 22:30,32
2005/8/8 23:00,30
2005/8/8 23:30,30
2005/8/9 00:00,0
2005/8/9 00:30,0
2005/8/9 01:00,0
2005/8/9 01:30,0
2005/8/9 02:00,0
2005/8/9 02:30,0
2005/8/9 03:00,0
2005/8/9 03:30,-1
2005/8/9 04:00,-1
2005/8/9 04:30,-1
2005/8/9 05:00,-1
2005/8/9 05:30,0
2005/8/9 06:00,0
2005/8/9 06:30,0
2005/8/9 07:00,1
2005/8/9 07:30,1
2005/8/9 08:00,3
2005/8/9 08:30,6
2005/8/9 09:00,8
2005/8/9 09:30,17
2005/8/9 10:00,41
2005/8/9 10:30,47
2005/8/9 11:00,38
2005/8/9 11:30,54
2005/8/9 12:00,63
2005/8/9 12:30,60
2005/8/9 13:00,63
2005/8/9 13:30,65
2005/8/9 14:00,64
2005/8/9 14:30,67
2005/8/9 15:00,64
2005/8/9 15:30,61
2005/8/9 16:00,54
2005/8/9 16:30,62
2005/8/9 17:00,63
2005/8/9 17:30,72
2005/8/9 18:00,63
2005/8/9 18:30,59
2005/8/9 19:00,59
2005/8/9 19:30,59
2005/8/9 20:00,59
2005/8/9 20:30,59
2005/8/9 21:00,59
2005/8/9 21:30,59
2005/8/9 22:00,59
2005/8/9 22:30,59
2005/8/9 23:00,59
2005/8/9 23:30,59
2005/8/10 00:00,0
2005/8/10 00:30,0
2005/8/10 01:00,0
2005/8/10 01:30,0
2005/8/10 02:00,0
2005/8/10 02:30,0
2005/8/10 03:00,0
2005/8/10 03:30,0
2005/8/10 04:00,0
2005/8/10 04:30,0
2005/8/10 05:00,0
2005/8/10 05:30,-1
2005/8/10 06:00,-2
2005/8/10 06:30,-2
2005/8/10 07:00,1
2005/8/10 07:30,13
2005/8/10 08:00,18
2005/8/10 08:30,18
2005/8/10 09:00,20
2005/8/10 09:30,24
2005/8/10 10:00,27
2005/8/10 10:30,34
2005/8/10 11:00,43
2005/8/10 11:30,46
2005/8/10 12:00,41
2005/8/10 12:30,45
2005/8/10 13:00,45
2005/8/10 13:30,52
2005/8/10 14:00,61
2005/8/10 14:30,62
2005/8/10 15:00,55
2005/8/10 15:30,50
2005/8/10 16:00,47
2005/8/10 16:30,49
2005/8/10 17:00,30
2005/8/10 17:30,21
2005/8/10 18:00,19
2005/8/10 18:30,15
2005/8/10 19:00,17
2005/8/10 19:30,18
2005/8/10 20:00,17
2005/8/10 20:30,16
2005/8/10 21:00,15
2005/8/10 21:30,15
2005/8/10 22:00,12
2005/8/10 22:30,11
2005/8/10 23:00,12
2005/8/10 23:30,11
2005/8/11 00:00,0
2005/8/11 00:30,0
2005/8/11 01:00,0
2005/8/11 01:30,0
2005/8/11 02:00,0
2005/8/11 02:30,0
2005/8/11 03:00,0
2005/8/11 03:30,0
2005/8/11 04:00,0
2005/8/11 04:30,0
2005/8/11 05:00,0
2005/8/11 05:30,0
2005/8/11 06:00,0
2005/8/11 06:30,0
2005/8/11 07:00,0
2005/8/11 07:30,1
2005/8/11 08:00,1
2005/8/11 08:30,2
2005/8/11 09:00,10
2005/8/11 09:30,15
2005/8/11 10:00,15
2005/8/11 10:30,21
2005/8/11 11:00,21
2005/8/11 11:30,17
2005/8/11 12:00,16
2005/8/11 12:30,9
2005/8/11 13:00,19
2005/8/11 13:30,31
2005/8/11 14:00,34
2005/8/11 14:30,42
2005/8/11 15:00,42
2005/8/11 15:30,52
2005/8/11 16:00,43
2005/8/11 16:30,49
2005/8/11 17:00,45
2005/8/11 17:30,40
2005/8/11 18:00,38
2005/8/11 18:30,40
2005/8/11 19:00,38
2005/8/11 19:30,38
2005/8/11 20:00,35
2005/8/11 20:30,38
2005/8/11 21:00,36
2005/8/11 21:30,35
2005/8/11 22:00,33
2005/8/11 22:30,31
2005/8/11 23:00,31
2005/8/11 23:30,31
2005/8/12 00:00,0
2005/8/12 00:30,-4
2005/8/12 01:00,-4
2005/8/12 01:30,-4
2005/8/12 02:00,-4
2005/8/12 02:30,-4
2005/8/12 03:00,-4
2005/8/12 03:30,-4
2005/8/12 04:00,-4
2005/8/12 04:30,-4
2005/8/12 05:00,-3
2005/8/12 05:30,-5
2005/8/12 06:00,-4
2005/8/12 06:30,-4
2005/8/12 07:00,-4
2005/8/12 07:30,-4
2005/8/12 08:00,4
2005/8/12 08:30,5
2005/8/12 09:00,21
2005/8/12 09:30,39
2005/8/12 10:00,41
2005/8/12 10:30,39
2005/8/12 11:00,34
2005/8/12 11:30,41
2005/8/12 12:00,30
2005/8/12 12:30,28
2005/8/12 13:00,32
2005/8/12 13:30,36
2005/8/12 14:00,49
2005/8/12 14:30,48
2005/8/12 15:00,50
2005/8/12 15:30,54
2005/8/12 16:00,55
2005/8/12 16:30,51
2005/8/12 17:00,44
2005/8/12 17:30,40
2005/8/12 18:00,36
2005/8/12 18:30,35
2005/8/12 19:00,35
2005/8/12 19:30,34
2005/8/12 20:00,33
2005/8/12 20:30,32
2005/8/12 21:00,32
2005/8/12 21:30,32
2005/8/12 22:00,32
2005/8/12 22:30,32
2005/8/12 23:00,32
2005/8/12 23:30,32
2005/8/13 00:00,0
2005/8/13 00:30,-1
2005/8/13 01:00,-1
2005/8/13 01:30,-1
2005/8/13 02:00,-1
2005/8/13 02:30,-1
2005/8/13 03:00,-1
2005/8/13 03:30,-1
2005/8/13 04:00,-1
2005/8/13 04:30,-1
2005/8/13 05:00,-1
2005/8/13 05:30,-1
2005/8/13 06:00,-1
2005/8/13 06:30,-1
2005/8/13 07:00,-1
2005/8/13 07:30,-1
2005/8/13 08:00,-1
2005/8/13 08:30,0
2005/8/13 09:00,0
2005/8/13 09:30,-1
2005/8/13 10:00,0
2005/8/13 10:30,0
2005/8/13 11:00,-1
2005/8/13 11:30,-2
2005/8/13 12:00,-2
2005/8/13 12:30,3
2005/8/13 13:00,1
2005/8/13 13:30,3
2005/8/13 14:00,0
2005/8/13 14:30,0
2005/8/13 15:00,3
2005/8/13 15:30,0
2005/8/13 16:00,0
2005/8/13 16:30,-2
2005/8/13 17:00,-2
2005/8/13 17:30,-2
2005/8/13 18:00,-2
2005/8/13 18:30,-2
2005/8/13 19:00,-2
2005/8/13 19:30,-2
2005/8/13 20:00,-2
2005/8/13 20:30,-3
2005/8/13 21:00,-3
2005/8/13 21:30,-4
2005/8/13 22:00,-4
2005/8/13 22:30,-4
2005/8/13 23:00,-5
2005/8/13 23:30,-5
2005/8/14 00:00,0
2005/8/14 00:30,0
2005/8/14 01:00,0
2005/8/14 01:30,0
2005/8/14 02:00,0
2005/8/14 02:30,-1
2005/8/14 03:00,-1
2005/8/14 03:30,-1
2005/8/14 04:00,-1
2005/8/14 04:30,-1
2005/8/14 05:00,-1
2005/8/14 05:30,-1
2005/8/14 06:00,-1
2005/8/14 06:30,-1
2005/8/14 07:00,-1
2005/8/14 07:30,-1
2005/8/14 08:00,-1
2005/8/14 08:30,-1
2005/8/14 09:00,-1
2005/8/14 09:30,-1
2005/8/14 10:00,-1
2005/8/14 10:30,-1
2005/8/14 11:00,-1
2005/8/14 11:30,-1
2005/8/14 12:00,1
2005/8/14 12:30,1
2005/8/14 13:00,1
2005/8/14 13:30,1
2005/8/14 14:00,1
2005/8/14 14:30,0
2005/8/14 15:00,0
2005/8/14 15:30,0
2005/8/14 16:00,0
2005/8/14 16:30,0
2005/8/14 17:00,-2
2005/8/14 17:30,-5
2005/8/14 18:00,-7
2005/8/14 18:30,-5
2005/8/14 19:00,-6
2005/8/14 19:30,-6
2005/8/14 20:00,-5
2005/8/14 20:30,-6
2005/8/14 21:00,-6
2005/8/14 21:30,-6
2005/8/14 22:00,-6
2005/8/14 22:30,-6
2005/8/14 23:00,-6
2005/8/14 23:30,-6
2005/8/15 00:00,0
2005/8/15 00:30,0
2005/8/15 01:00,0
2005/8/15 01:30,0
2005/8/15 02:00,-1
2005/8/15 02:30,0
2005/8/15 03:00,0
2005/8/15 03:30,0
2005/8/15 04:00,0
2005/8/15 04:30,0
2005/8/15 05:00,-2
2005/8/15 05:30,-1
2005/8/15 06:00,-3
2005/8/15 06:30,-3
2005/8/15 07:00,-2
2005/8/15 07:30,-1
2005/8/15 08:00,-1
2005/8/15 08:30,3
2005/8/15 09:00,11
2005/8/15 09:30,14
2005/8/15 10:00,18
2005/8/15 10:30,22
2005/8/15 11:00,26
2005/8/15 11:30,20
2005/8/15 12:00,17
2005/8/15 12:30,21
2005/8/15 13:00,21
2005/8/15 13:30,29
2005/8/15 14:00,43
2005/8/15 14:30,43
2005/8/15 15:00,37
2005/8/15 15:30,48
2005/8/15 16:00,38
2005/8/15 16:30,32
2005/8/15 17:00,32
2005/8/15 17:30,20
2005/8/15 18:00,22
2005/8/15 18:30,15
2005/8/15 19:00,12
2005/8/15 19:30,14
2005/8/15 20:00,15
2005/8/15 20:30,14
2005/8/15 21:00,14
2005/8/15 21:30,12
2005/8/15 22:00,12
2005/8/15 22:30,11
2005/8/15 23:00,11
2005/8/15 23:30,8
2005/8/16 00:00,0
2005/8/16 00:30,0
2005/8/16 01:00,0
2005/8/16 01:30,-2
2005/8/16 02:00,-2
2005/8/16 02:30,-2
2005/8/16 03:00,-2
2005/8/16 03:30,-3
2005/8/16 04:00,-3
2005/8/16 04:30,-3
2005/8/16 05:00,-2
2005/8/16 05:30,-1
2005/8/16 06:00,-1
2005/8/16 06:30,-1
2005/8/16 07:00,-1
2005/8/16 07:30,0
2005/8/16 08:00,0
2005/8/16 08:30,2
2005/8/16 09:00,6
2005/8/16 09:30,14
2005/8/16 10:00,19
2005/8/16 10:30,42
2005/8/16 11:00,61
2005/8/16 11:30,62
2005/8/16 12:00,59
2005/8/16 12:30,61
2005/8/16 13:00,61
2005/8/16 13:30,51
2005/8/16 14:00,54
2005/8/16 14:30,55
2005/8/16 15:00,50
2005/8/16 15:30,55
2005/8/16 16:00,55
2005/8/16 16:30,56
2005/8/16 17:00,49
2005/8/16 17:30,39
2005/8/16 18:00,31
2005/8/16 18:30,27
2005/8/16 19:00,25
2005/8/16 19:30,24
2005/8/16 20:00,23
2005/8/16 20:30,22
2005/8/16 21:00,22
2005/8/16 21:30,21
2005/8/16 22:00,21
2005/8/16 22:30,20
2005/8/16 23:00,20
2005/8/16 23:30,20
2005/8/17 00:00,0
2005/8/17 00:30,-1
2005/8/17 01:00,-1
2005/8/17 01:30,-1
2005/8/17 02:00,-1
2005/8/17 02:30,-1
2005/8/17 03:00,-1
2005/8/17 03:30,-2
2005/8/17 04:00,-2
2005/8/17 04:30,-3
2005/8/17 05:00,-3
2005/8/17 05:30,-3
2005/8/17 06:00,-4
2005/8/17 06:30,-4
2005/8/17 07:00,-4
2005/8/17 07:30,-4
2005/8/17 08:00,-4
2005/8/17 08:30,-2
2005/8/17 09:00,6
2005/8/17 09:30,18
2005/8/17 10:00,26
2005/8/17 10:30,30
2005/8/17 11:00,38
2005/8/17 11:30,38
2005/8/17 12:00,33
2005/8/17 12:30,39
2005/8/17 13:00,37
2005/8/17 13:30,46
2005/8/17 14:00,53
2005/8/17 14:30,51
2005/8/17 15:00,42
2005/8/17 15:30,49
2005/8/17 16:00,55
2005/8/17 16:30,53
2005/8/17 17:00,37
2005/8/17 17:30,31
2005/8/17 18:00,26
2005/8/17 18:30,17
2005/8/17 19:00,13
2005/8/17 19:30,15
2005/8/17 20:00,14
2005/8/17 20:30,12
2005/8/17 21:00,14
2005/8/17 21:30,12
2005/8/17 22:00,12
2005/8/17 22:30,14
2005/8/17 23:00,14
2005/8/17 23:30,14
2005/8/18 00:00,-1
2005/8/18 00:30,-1
2005/8/18 01:00,-1
2005/8/18 01:30,-1
2005/8/18 02:00,-1
2005/8/18 02:30,-1
2005/8/18 03:00,-1
2005/8/18 03:30,-1
2005/8/18 04:00,-1
2005/8/18 04:30,-1
2005/8/18 05:00,0
2005/8/18 05:30,-1
2005/8/18 06:00,-1
2005/8/18 06:30,-1
2005/8/18 07:00,-1
2005/8/18 07:30,-1
2005/8/18 08:00,0
2005/8/18 08:30,0
2005/8/18 09:00,6
2005/8/18 09:30,20
2005/8/18 10:00,29
2005/8/18 10:30,32
2005/8/18 11:00,34
2005/8/18 11:30,33
2005/8/18 12:00,29
2005/8/18 12:30,40
2005/8/18 13:00,58
2005/8/18 13:30,84
2005/8/18 14:00,79
2005/8/18 14:30,86
2005/8/18 15:00,94
2005/8/18 15:30,77
2005/8/18 16:00,67
2005/8/18 16:30,43
2005/8/18 17:00,31
2005/8/18 17:30,38
2005/8/18 18:00,52
2005/8/18 18:30,47
2005/8/18 19:00,38
2005/8/18 19:30,32
2005/8/18 20:00,24
2005/8/18 20:30,12
2005/8/18 21:00,-5
2005/8/18 21:30,-15
2005/8/18 22:00,-15
2005/8/18 22:30,-13
2005/8/18 23:00,-16
2005/8/18 23:30,-17
2005/8/19 00:00,0
2005/8/19 00:30,2
2005/8/19 01:00,0
2005/8/19 01:30,0
2005/8/19 02:00,0
2005/8/19 02:30,0
2005/8/19 03:00,0
2005/8/19 03:30,0
2005/8/19 04:00,0
2005/8/19 04:30,0
2005/8/19 05:00,0
2005/8/19 05:30,0
2005/8/19 06:00,-2
2005/8/19 06:30,-2
2005/8/19 07:00,-2
2005/8/19 07:30,-2
2005/8/19 08:00,1
2005/8/19 08:30,6
2005/8/19 09:00,20
2005/8/19 09:30,25
2005/8/19 10:00,43
2005/8/19 10:30,43
2005/8/19 11:00,48
2005/8/19 11:30,33
2005/8/19 12:00,32
2005/8/19 12:30,29
2005/8/19 13:00,27
2005/8/19 13:30,38
2005/8/19 14:00,45
2005/8/19 14:30,48
2005/8/19 15:00,50
2005/8/19 15:30,50
2005/8/19 16:00,49
2005/8/19 16:30,47
2005/8/19 17:00,44
2005/8/19 17:30,31
2005/8/19 18:00,28
2005/8/19 18:30,24
2005/8/19 19:00,22
2005/8/19 19:30,21
2005/8/19 20:00,22
2005/8/19 20:30,20
2005/8/19 21:00,19
2005/8/19 21:30,21
2005/8/19 22:00,21
2005/8/19 22:30,20
2005/8/19 23:00,21
2005/8/19 23:30,21
2005/8/20 00:00,0
2005/8/20 00:30,0
2005/8/20 01:00,0
2005/8/20 01:30,0
2005/8/20 02:00,0
2005/8/20 02:30,0
2005/8/20 03:00,0
2005/8/20 03:30,0
2005/8/20 04:00,0
2005/8/20 04:30,0
2005/8/20 05:00,0
2005/8/20 05:30,0
2005/8/20 06:00,0
2005/8/20 06:30,0
2005/8/20 07:00,0
2005/8/20 07:30,0
2005/8/20 08:00,0
2005/8/20 08:30,0
2005/8/20 09:00,0
2005/8/20 09:30,0
2005/8/20 10:00,-1
2005/8/20 10:30,-1
2005/8/20 11:00,1
2005/8/20 11:30,1
2005/8/20 12:00,2
2005/8/20 12:30,2
2005/8/20 13:00,1
2005/8/20 13:30,1
2005/8/20 14:00,1
2005/8/20 14:30,-1
2005/8/20 15:00,-2
2005/8/20 15:30,-3
2005/8/20 16:00,-4
2005/8/20 16:30,-3
2005/8/20 17:00,-3
2005/8/20 17:30,-4
2005/8/20 18:00,-5
2005/8/20 18:30,-5
2005/8/20 19:00,-5
2005/8/20 19:30,-5
2005/8/20 20:00,-5
2005/8/20 20:30,-5
2005/8/20 21:00,-5
2005/8/20 21:30,-5
2005/8/20 22:00,-5
2005/8/20 22:30,-5
2005/8/20 23:00,-5
2005/8/20 23:30,-6
2005/8/21 00:00,1
2005/8/21 00:30,1
2005/8/21 01:00,1
2005/8/21 01:30,1
2005/8/21 02:00,1
2005/8/21 02:30,0
2005/8/21 03:00,0
2005/8/21 03:30,0
2005/8/21 04:00,0
2005/8/21 04:30,0
2005/8/21 05:00,0
2005/8/21 05:30,0
2005/8/21 06:00,0
2005/8/21 06:30,0
2005/8/21 07:00,0
2005/8/21 07:30,0
2005/8/21 08:00,0
2005/8/21 08:30,0
2005/8/21 09:00,0
2005/8/21 09:30,0
2005/8/21 10:00,1
2005/8/21 10:30,0
2005/8/21 11:00,0
2005/8/21 11:30,0
2005/8/21 12:00,-1
2005/8/21 12:30,0
2005/8/21 13:00,1
2005/8/21 13:30,0
2005/8/21 14:00,-1
2005/8/21 14:30,-1
2005/8/21 15:00,1
2005/8/21 15:30,2
2005/8/21 16:00,2
2005/8/21 16:30,-1
2005/8/21 17:00,-2
2005/8/21 17:30,-4
2005/8/21 18:00,-3
2005/8/21 18:30,-4
2005/8/21 19:00,-4
2005/8/21 19:30,-3
2005/8/21 20:00,-5
2005/8/21 20:30,-6
2005/8/21 21:00,-8
2005/8/21 21:30,-7
2005/8/21 22:00,-7
2005/8/21 22:30,-10
2005/8/21 23:00,-10
2005/8/21 23:30,-9
2005/8/22 00:00,0
2005/8/22 00:30,0
2005/8/22 01:00,-1
2005/8/22 01:30,-2
2005/8/22 02:00,-3
2005/8/22 02:30,-3
2005/8/22 03:00,-3
2005/8/22 03:30,-3
2005/8/22 04:00,-3
2005/8/22 04:30,-3
2005/8/22 05:00,-3
2005/8/22 05:30,-4
2005/8/22 06:00,-4
2005/8/22 06:30,-4
2005/8/22 07:00,-4
2005/8/22 07:30,-4
2005/8/22 08:00,-4
2005/8/22 08:30,-4
2005/8/22 09:00,4
2005/8/22 09:30,14
2005/8/22 10:00,19
2005/8/22 10:30,22
2005/8/22 11:00,27
2005/8/22 11:30,34
2005/8/22 12:00,22
2005/8/22 12:30,13
2005/8/22 13:00,18
2005/8/22 13:30,26
2005/8/22 14:00,24
2005/8/22 14:30,37
2005/8/22 15:00,41
2005/8/22 15:30,43
2005/8/22 16:00,48
2005/8/22 16:30,36
2005/8/22 17:00,22
2005/8/22 17:30,12
2005/8/22 18:00,8
2005/8/22 18:30,8
2005/8/22 19:00,7
2005/8/22 19:30,4
2005/8/22 20:00,6
2005/8/22 20:30,4
2005/8/22 21:00,4
2005/8/22 21:30,4
2005/8/22 22:00,4
2005/8/22 22:30,4
2005/8/22 23:00,4
2005/8/22 23:30,4
2005/8/23 00:00,0
2005/8/23 00:30,0
2005/8/23 01:00,0
2005/8/23 01:30,0
2005/8/23 02:00,0
2005/8/23 02:30,0
2005/8/23 03:00,0
2005/8/23 03:30,0
2005/8/23 04:00,0
2005/8/23 04:30,0
2005/8/23 05:00,0
2005/8/23 05:30,1
2005/8/23 06:00,1
2005/8/23 06:30,1
2005/8/23 07:00,1
2005/8/23 07:30,1
2005/8/23 08:00,1
2005/8/23 08:30,4
2005/8/23 09:00,11
2005/8/23 09:30,17
2005/8/23 10:00,27
2005/8/23 10:30,38
2005/8/23 11:00,44
2005/8/23 11:30,66
2005/8/23 12:00,67
2005/8/23 12:30,70
2005/8/23 13:00,63
2005/8/23 13:30,67
2005/8/23 14:00,59
2005/8/23 14:30,68
2005/8/23 15:00,72
2005/8/23 15:30,74
2005/8/23 16:00,69
2005/8/23 16:30,66
2005/8/23 17:00,63
2005/8/23 17:30,48
2005/8/23 18:00,42
2005/8/23 18:30,41
2005/8/23 19:00,40
2005/8/23 19:30,38
2005/8/23 20:00,34
2005/8/23 20:30,34
2005/8/23 21:00,32
2005/8/23 21:30,32
2005/8/23 22:00,31
2005/8/23 22:30,30
2005/8/23 23:00,30
2005/8/23 23:30,30
2005/8/24 00:00,0
2005/8/24 00:30,0
2005/8/24 01:00,0
2005/8/24 01:30,0
2005/8/24 02:00,0
2005/8/24 02:30,0
2005/8/24 03:00,-1
2005/8/24 03:30,-1
2005/8/24 04:00,-1
2005/8/24 04:30,-1
2005/8/24 05:00,-1
2005/8/24 05:30,-1
2005/8/24 06:00,-1
2005/8/24 06:30,-1
2005/8/24 07:00,-1
2005/8/24 07:30,1
2005/8/24 08:00,0
2005/8/24 08:30,3
2005/8/24 09:00,9
2005/8/24 09:30,15
2005/8/24 10:00,16
2005/8/24 10:30,29
2005/8/24 11:00,25
2005/8/24 11:30,44
2005/8/24 12:00,47
2005/8/24 12:30,46
2005/8/24 13:00,49
2005/8/24 13:30,48
2005/8/24 14:00,53
2005/8/24 14:30,50
2005/8/24 15:00,48
2005/8/24 15:30,40
2005/8/24 16:00,40
2005/8/24 16:30,31
2005/8/24 17:00,29
2005/8/24 17:30,31
2005/8/24 18:00,26
2005/8/24 18:30,22
2005/8/24 19:00,21
2005/8/24 19:30,21
2005/8/24 20:00,19
2005/8/24 20:30,16
2005/8/24 21:00,17
2005/8/24 21:30,17
2005/8/24 22:00,17
2005/8/24 22:30,15
2005/8/24 23:00,15
2005/8/24 23:30,15
2005/8/25 00:00,0
2005/8/25 00:30,0
2005/8/25 01:00,0
2005/8/25 01:30,0
2005/8/25 02:00,0
2005/8/25 02:30,0
2005/8/25 03:00,0
2005/8/25 03:30,0
2005/8/25 04:00,0
2005/8/25 04:30,0
2005/8/25 05:00,2
2005/8/25 05:30,2
2005/8/25 06:00,2
2005/8/25 06:30,2
2005/8/25 07:00,2
2005/8/25 07:30,2
2005/8/25 08:00,5
2005/8/25 08:30,7
2005/8/25 09:00,17
2005/8/25 09:30,27
2005/8/25 10:00,34
2005/8/25 10:30,43
2005/8/25 11:00,46
2005/8/25 11:30,39
2005/8/25 12:00,57
2005/8/25 12:30,49
2005/8/25 13:00,57
2005/8/25 13:30,55
2005/8/25 14:00,68
2005/8/25 14:30,56
2005/8/25 15:00,57
2005/8/25 15:30,61
2005/8/25 16:00,55
2005/8/25 16:30,52
2005/8/25 17:00,46
2005/8/25 17:30,39
2005/8/25 18:00,40
2005/8/25 18:30,35
2005/8/25 19:00,33
2005/8/25 19:30,30
2005/8/25 20:00,30
2005/8/25 20:30,29
2005/8/25 21:00,29
2005/8/25 21:30,28
2005/8/25 22:00,28
2005/8/25 22:30,28
2005/8/25 23:00,29
2005/8/25 23:30,29
2005/8/26 00:00,0
2005/8/26 00:30,0
2005/8/26 01:00,-1
2005/8/26 01:30,-1
2005/8/26 02:00,-1
2005/8/26 02:30,-1
2005/8/26 03:00,-1
2005/8/26 03:30,-1
2005/8/26 04:00,-1
2005/8/26 04:30,-2
2005/8/26 05:00,-2
2005/8/26 05:30,-2
2005/8/26 06:00,-2
2005/8/26 06:30,-2
2005/8/26 07:00,-1
2005/8/26 07:30,-1
2005/8/26 08:00,1
2005/8/26 08:30,6
2005/8/26 09:00,24
2005/8/26 09:30,37
2005/8/26 10:00,32
2005/8/26 10:30,30
2005/8/26 11:00,28
2005/8/26 11:30,31
2005/8/26 12:00,31
2005/8/26 12:30,21
2005/8/26 13:00,29
2005/8/26 13:30,38
2005/8/26 14:00,57
2005/8/26 14:30,51
2005/8/26 15:00,50
2005/8/26 15:30,49
2005/8/26 16:00,46
2005/8/26 16:30,44
2005/8/26 17:00,34
2005/8/26 17:30,27
2005/8/26 18:00,22
2005/8/26 18:30,22
2005/8/26 19:00,23
2005/8/26 19:30,31
2005/8/26 20:00,23
2005/8/26 20:30,23
2005/8/26 21:00,19
2005/8/26 21:30,18
2005/8/26 22:00,18
2005/8/26 22:30,18
2005/8/26 23:00,18
2005/8/26 23:30,17
2005/8/27 00:00,0
2005/8/27 00:30,0
2005/8/27 01:00,0
2005/8/27 01:30,0
2005/8/27 02:00,0
2005/8/27 02:30,0
2005/8/27 03:00,0
2005/8/27 03:30,0
2005/8/27 04:00,-1
2005/8/27 04:30,-1
2005/8/27 05:00,-1
2005/8/27 05:30,-1
2005/8/27 06:00,-1
2005/8/27 06:30,-1
2005/8/27 07:00,-1
2005/8/27 07:30,-1
2005/8/27 08:00,-1
2005/8/27 08:30,-1
2005/8/27 09:00,-1
2005/8/27 09:30,-1
2005/8/27 10:00,0
2005/8/27 10:30,0
2005/8/27 11:00,0
2005/8/27 11:30,1
2005/8/27 12:00,2
2005/8/27 12:30,2
2005/8/27 13:00,-1
2005/8/27 13:30,-1
2005/8/27 14:00,1
2005/8/27 14:30,-1
2005/8/27 15:00,0
2005/8/27 15:30,0
2005/8/27 16:00,1
2005/8/27 16:30,2
2005/8/27 17:00,3
2005/8/27 17:30,3
2005/8/27 18:00,3
2005/8/27 18:30,4
2005/8/27 19:00,2
2005/8/27 19:30,2
2005/8/27 20:00,3
2005/8/27 20:30,1
2005/8/27 21:00,1
2005/8/27 21:30,1
2005/8/27 22:00,1
2005/8/27 22:30,1
2005/8/27 23:00,1
2005/8/27 23:30,1
2005/8/28 00:00,0
2005/8/28 00:30,2
2005/8/28 01:00,2
2005/8/28 01:30,2
2005/8/28 02:00,2
2005/8/28 02:30,2
2005/8/28 03:00,2
2005/8/28 03:30,2
2005/8/28 04:00,2
2005/8/28 04:30,2
2005/8/28 05:00,2
2005/8/28 05:30,2
2005/8/28 06:00,2
2005/8/28 06:30,2
2005/8/28 07:00,2
2005/8/28 07:30,1
2005/8/28 08:00,1
2005/8/28 08:30,1
2005/8/28 09:00,1
2005/8/28 09:30,1
2005/8/28 10:00,1
2005/8/28 10:30,1
2005/8/28 11:00,1
2005/8/28 11:30,1
2005/8/28 12:00,3
2005/8/28 12:30,3
2005/8/28 13:00,3
2005/8/28 13:30,3
2005/8/28 14:00,3
2005/8/28 14:30,3
2005/8/28 15:00,1
2005/8/28 15:30,0
2005/8/28 16:00,4
2005/8/28 16:30,4
2005/8/28 17:00,5
2005/8/28 17:30,3
2005/8/28 18:00,-1
2005/8/28 18:30,-1
2005/8/28 19:00,2
2005/8/28 19:30,3
2005/8/28 20:00,3
2005/8/28 20:30,2
2005/8/28 21:00,2
2005/8/28 21:30,-1
2005/8/28 22:00,-1
2005/8/28 22:30,-2
2005/8/28 23:00,-2
2005/8/28 23:30,-2
2005/8/29 00:00,-3
2005/8/29 00:30,-3
2005/8/29 01:00,-3
2005/8/29 01:30,-3
2005/8/29 02:00,-3
2005/8/29 02:30,-3
2005/8/29 03:00,-3
2005/8/29 03:30,-3
2005/8/29 04:00,-3
2005/8/29 04:30,-3
2005/8/29 05:00,-3
2005/8/29 05:30,-3
2005/8/29 06:00,-3
2005/8/29 06:30,-5
2005/8/29 07:00,-4
2005/8/29 07:30,-3
2005/8/29 08:00,-1
2005/8/29 08:30,0
2005/8/29 09:00,6
2005/8/29 09:30,9
2005/8/29 10:00,21
2005/8/29 10:30,26
2005/8/29 11:00,30
2005/8/29 11:30,24
2005/8/29 12:00,24
2005/8/29 12:30,20
2005/8/29 13:00,18
2005/8/29 13:30,32
2005/8/29 14:00,37
2005/8/29 14:30,43
2005/8/29 15:00,45
2005/8/29 15:30,46
2005/8/29 16:00,38
2005/8/29 16:30,38
2005/8/29 17:00,34
2005/8/29 17:30,23
2005/8/29 18:00,19
2005/8/29 18:30,16
2005/8/29 19:00,17
2005/8/29 19:30,15
2005/8/29 20:00,13
2005/8/29 20:30,15
2005/8/29 21:00,16
2005/8/29 21:30,15
2005/8/29 22:00,16
2005/8/29 22:30,14
2005/8/29 23:00,14
2005/8/29 23:30,12
2005/8/30 00:00,0
2005/8/30 00:30,0
2005/8/30 01:00,0
2005/8/30 01:30,0
2005/8/30 02:00,0
2005/8/30 02:30,0
2005/8/30 03:00,0
2005/8/30 03:30,0
2005/8/30 04:00,0
2005/8/30 04:30,0
2005/8/30 05:00,0
2005/8/30 05:30,1
2005/8/30 06:00,-1
2005/8/30 06:30,1
2005/8/30 07:00,1
2005/8/30 07:30,5
2005/8/30 08:00,8
2005/8/30 08:30,12
2005/8/30 09:00,20
2005/8/30 09:30,27
2005/8/30 10:00,42
2005/8/30 10:30,51
2005/8/30 11:00,51
2005/8/30 11:30,51
2005/8/30 12:00,55
2005/8/30 12:30,58
2005/8/30 13:00,49
2005/8/30 13:30,59
2005/8/30 14:00,69
2005/8/30 14:30,77
2005/8/30 15:00,77
2005/8/30 15:30,109
2005/8/30 16:00,100
2005/8/30 16:30,82
2005/8/30 17:00,58
2005/8/30 17:30,49
2005/8/30 18:00,42
2005/8/30 18:30,36
2005/8/30 19:00,34
2005/8/30 19:30,30
2005/8/30 20:00,30
2005/8/30 20:30,29
2005/8/30 21:00,30
2005/8/30 21:30,30
2005/8/30 22:00,30
2005/8/30 22:30,29
2005/8/30 23:00,28
2005/8/30 23:30,27
2005/8/31 00:00,0
2005/8/31 00:30,0
2005/8/31 01:00,0
2005/8/31 01:30,0
2005/8/31 02:00,0
2005/8/31 02:30,0
2005/8/31 03:00,0
2005/8/31 03:30,0
2005/8/31 04:00,0
2005/8/31 04:30,0
2005/8/31 05:00,0
2005/8/31 05:30,-2
2005/8/31 06:00,-2
2005/8/31 06:30,-2
2005/8/31 07:00,-2
2005/8/31 07:30,-2
2005/8/31 08:00,-3
2005/8/31 08:30,-1
2005/8/31 09:00,15
2005/8/31 09:30,25
2005/8/31 10:00,30
2005/8/31 10:30,32
2005/8/31 11:00,36
2005/8/31 11:30,28
2005/8/31 12:00,26
2005/8/31 12:30,14
2005/8/31 13:00,15
2005/8/31 13:30,25
2005/8/31 14:00,36
2005/8/31 14:30,40
2005/8/31 15:00,48
2005/8/31 15:30,54
2005/8/31 16:00,51
2005/8/31 16:30,45
2005/8/31 17:00,51
2005/8/31 17:30,35
2005/8/31 18:00,26
2005/8/31 18:30,27
2005/8/31 19:00,24
2005/8/31 19:30,21
2005/8/31 20:00,19
2005/8/31 20:30,18
2005/8/31 21:00,16
2005/8/31 21:30,16
2005/8/31 22:00,14
2005/8/31 22:30,15
2005/8/31 23:00,15
2005/8/31 23:30,13
2005/9/1 00:00,0
2005/9/1 00:30,-3
2005/9/1 01:00,-3
2005/9/1 01:30,-3
2005/9/1 02:00,-3
2005/9/1 02:30,-3
2005/9/1 03:00,-3
2005/9/1 03:30,-3
2005/9/1 04:00,-3
2005/9/1 04:30,-3
2005/9/1 05:00,-4
2005/9/1 05:30,-2
2005/9/1 06:00,-2
2005/9/1 06:30,-1
2005/9/1 07:00,-1
2005/9/1 07:30,0
2005/9/1 08:00,1
2005/9/1 08:30,2
2005/9/1 09:00,12
2005/9/1 09:30,18
2005/9/1 10:00,22
2005/9/1 10:30,27
2005/9/1 11:00,30
2005/9/1 11:30,33
2005/9/1 12:00,31
2005/9/1 12:30,29
2005/9/1 13:00,36
2005/9/1 13:30,45
2005/9/1 14:00,67
2005/9/1 14:30,70
2005/9/1 15:00,90
2005/9/1 15:30,87
2005/9/1 16:00,83
2005/9/1 16:30,76
2005/9/1 17:00,53
2005/9/1 17:30,46
2005/9/1 18:00,28
2005/9/1 18:30,20
2005/9/1 19:00,19
2005/9/1 19:30,15
2005/9/1 20:00,18
2005/9/1 20:30,16
2005/9/1 21:00,15
2005/9/1 21:30,15
2005/9/1 22:00,15
2005/9/1 22:30,15
2005/9/1 23:00,15
2005/9/1 23:30,15
2005/9/2 00:00,0
2005/9/2 00:30,0
2005/9/2 01:00,0
2005/9/2 01:30,0
2005/9/2 02:00,0
2005/9/2 02:30,0
2005/9/2 03:00,0
2005/9/2 03:30,0
2005/9/2 04:00,0
2005/9/2 04:30,0
2005/9/2 05:00,0
2005/9/2 05:30,0
2005/9/2 06:00,0
2005/9/2 06:30,0
2005/9/2 07:00,0
2005/9/2 07:30,2
2005/9/2 08:00,1
2005/9/2 08:30,2
2005/9/2 09:00,5
2005/9/2 09:30,12
2005/9/2 10:00,17
2005/9/2 10:30,28
2005/9/2 11:00,28
2005/9/2 11:30,39
2005/9/2 12:00,34
2005/9/2 12:30,30
2005/9/2 13:00,41
2005/9/2 13:30,45
2005/9/2 14:00,59
2005/9/2 14:30,50
2005/9/2 15:00,51
2005/9/2 15:30,48
2005/9/2 16:00,45
2005/9/2 16:30,48
2005/9/2 17:00,44
2005/9/2 17:30,38
2005/9/2 18:00,34
2005/9/2 18:30,34
2005/9/2 19:00,30
2005/9/2 19:30,29
2005/9/2 20:00,27
2005/9/2 20:30,25
2005/9/2 21:00,25
2005/9/2 21:30,25
2005/9/2 22:00,23
2005/9/2 22:30,23
2005/9/2 23:00,23
2005/9/2 23:30,23
2005/9/3 00:00,-2
2005/9/3 00:30,-3
2005/9/3 01:00,-3
2005/9/3 01:30,-3
2005/9/3 02:00,-3
2005/9/3 02:30,-3
2005/9/3 03:00,-3
2005/9/3 03:30,-3
2005/9/3 04:00,-3
2005/9/3 04:30,-3
2005/9/3 05:00,-3
2005/9/3 05:30,-3
2005/9/3 06:00,-3
2005/9/3 06:30,-3
2005/9/3 07:00,-3
2005/9/3 07:30,-3
2005/9/3 08:00,-3
2005/9/3 08:30,-3
2005/9/3 09:00,-3
2005/9/3 09:30,-3
2005/9/3 10:00,-3
2005/9/3 10:30,-2
2005/9/3 11:00,-2
2005/9/3 11:30,-2
2005/9/3 12:00,-3
2005/9/3 12:30,-3
2005/9/3 13:00,-6
2005/9/3 13:30,-4
2005/9/3 14:00,0
2005/9/3 14:30,-2
2005/9/3 15:00,-3
2005/9/3 15:30,-2
2005/9/3 16:00,-2
2005/9/3 16:30,1
2005/9/3 17:00,-1
2005/9/3 17:30,-1
2005/9/3 18:00,-2
2005/9/3 18:30,-2
2005/9/3 19:00,-2
2005/9/3 19:30,-2
2005/9/3 20:00,-2
2005/9/3 20:30,-2
2005/9/3 21:00,-2
2005/9/3 21:30,-2
2005/9/3 22:00,-2
2005/9/3 22:30,-2
2005/9/3 23:00,-2
2005/9/3 23:30,-2
2005/9/4 00:00,-1
2005/9/4 00:30,-1
2005/9/4 01:00,-1
2005/9/4 01:30,-1
2005/9/4 02:00,-1
2005/9/4 02:30,-1
2005/9/4 03:00,-1
2005/9/4 03:30,-1
2005/9/4 04:00,-1
2005/9/4 04:30,-1
2005/9/4 05:00,-1
2005/9/4 05:30,-1
2005/9/4 06:00,-1
2005/9/4 06:30,-1
2005/9/4 07:00,-1
2005/9/4 07:30,-1
2005/9/4 08:00,-1
2005/9/4 08:30,-1
2005/9/4 09:00,-1
2005/9/4 09:30,0
2005/9/4 10:00,0
2005/9/4 10:30,0
2005/9/4 11:00,0
2005/9/4 11:30,0
2005/9/4 12:00,0
2005/9/4 12:30,0
2005/9/4 13:00,0
2005/9/4 13:30,0
2005/9/4 14:00,-1
2005/9/4 14:30,-1
2005/9/4 15:00,-1
2005/9/4 15:30,-1
2005/9/4 16:00,-1
2005/9/4 16:30,-2
2005/9/4 17:00,-2
2005/9/4 17:30,-4
2005/9/4 18:00,-3
2005/9/4 18:30,-3
2005/9/4 19:00,-5
2005/9/4 19:30,-6
2005/9/4 20:00,-6
2005/9/4 20:30,-7
2005/9/4 21:00,-9
2005/9/4 21:30,-11
2005/9/4 22:00,-11
2005/9/4 22:30,-12
2005/9/4 23:00,-12
2005/9/4 23:30,-12
2005/9/5 00:00,0
2005/9/5 00:30,0
2005/9/5 01:00,0
2005/9/5 01:30,0
2005/9/5 02:00,-1
2005/9/5 02:30,0
2005/9/5 03:00,-1
2005/9/5 03:30,0
2005/9/5 04:00,0
2005/9/5 04:30,0
2005/9/5 05:00,-2
2005/9/5 05:30,-2
2005/9/5 06:00,-2
2005/9/5 06:30,-2
2005/9/5 07:00,-2
2005/9/5 07:30,-1
2005/9/5 08:00,-1
2005/9/5 08:30,-1
2005/9/5 09:00,-1
2005/9/5 09:30,-1
2005/9/5 10:00,-2
2005/9/5 10:30,-2
2005/9/5 11:00,-1
2005/9/5 11:30,-1
2005/9/5 12:00,-1
2005/9/5 12:30,-1
2005/9/5 13:00,0
2005/9/5 13:30,0
2005/9/5 14:00,-1
2005/9/5 14:30,-2
2005/9/5 15:00,-1
2005/9/5 15:30,-1
2005/9/5 16:00,-2
2005/9/5 16:30,1
2005/9/5 17:00,-4
2005/9/5 17:30,-6
2005/9/5 18:00,-8
2005/9/5 18:30,-9
2005/9/5 19:00,-9
2005/9/5 19:30,-9
2005/9/5 20:00,-9
2005/9/5 20:30,-9
2005/9/5 21:00,-9
2005/9/5 21:30,-8
2005/9/5 22:00,-8
2005/9/5 22:30,-10
2005/9/5 23:00,-10
2005/9/5 23:30,-11
2005/9/6 00:00,-1
2005/9/6 00:30,-1
2005/9/6 01:00,-1
2005/9/6 01:30,-1
2005/9/6 02:00,-1
2005/9/6 02:30,-1
2005/9/6 03:00,-1
2005/9/6 03:30,-1
2005/9/6 04:00,-1
2005/9/6 04:30,-1
2005/9/6 05:00,0
2005/9/6 05:30,-1
2005/9/6 06:00,2
2005/9/6 06:30,2
2005/9/6 07:00,3
2005/9/6 07:30,3
2005/9/6 08:00,6
2005/9/6 08:30,7
2005/9/6 09:00,14
2005/9/6 09:30,17
2005/9/6 10:00,20
2005/9/6 10:30,29
2005/9/6 11:00,33
2005/9/6 11:30,33
2005/9/6 12:00,31
2005/9/6 12:30,35
2005/9/6 13:00,39
2005/9/6 13:30,38
2005/9/6 14:00,39
2005/9/6 14:30,43
2005/9/6 15:00,46
2005/9/6 15:30,58
2005/9/6 16:00,56
2005/9/6 16:30,47
2005/9/6 17:00,34
2005/9/6 17:30,26
2005/9/6 18:00,18
2005/9/6 18:30,14
2005/9/6 19:00,8
2005/9/6 19:30,7
2005/9/6 20:00,6
2005/9/6 20:30,7
2005/9/6 21:00,7
2005/9/6 21:30,8
2005/9/6 22:00,7
2005/9/6 22:30,6
2005/9/6 23:00,4
2005/9/6 23:30,2
2005/9/7 00:00,0
2005/9/7 00:30,0
2005/9/7 01:00,0
2005/9/7 01:30,0
2005/9/7 02:00,0
2005/9/7 02:30,0
2005/9/7 03:00,0
2005/9/7 03:30,0
2005/9/7 04:00,0
2005/9/7 04:30,0
2005/9/7 05:00,0
2005/9/7 05:30,0
2005/9/7 06:00,1
2005/9/7 06:30,1
2005/9/7 07:00,1
2005/9/7 07:30,2
2005/9/7 08:00,3
2005/9/7 08:30,5
2005/9/7 09:00,12
2005/9/7 09:30,14
2005/9/7 10:00,20
2005/9/7 10:30,26
2005/9/7 11:00,36
2005/9/7 11:30,40
2005/9/7 12:00,30
2005/9/7 12:30,28
2005/9/7 13:00,41
2005/9/7 13:30,51
2005/9/7 14:00,62
2005/9/7 14:30,62
2005/9/7 15:00,64
2005/9/7 15:30,60
2005/9/7 16:00,54
2005/9/7 16:30,61
2005/9/7 17:00,52
2005/9/7 17:30,44
2005/9/7 18:00,35
2005/9/7 18:30,29
2005/9/7 19:00,29
2005/9/7 19:30,32
2005/9/7 20:00,28
2005/9/7 20:30,28
2005/9/7 21:00,26
2005/9/7 21:30,26
2005/9/7 22:00,22
2005/9/7 22:30,21
2005/9/7 23:00,21
2005/9/7 23:30,20
2005/9/8 00:00,1
2005/9/8 00:30,1
2005/9/8 01:00,1
2005/9/8 01:30,1
2005/9/8 02:00,1
2005/9/8 02:30,1
2005/9/8 03:00,1
2005/9/8 03:30,1
2005/9/8 04:00,1
2005/9/8 04:30,1
2005/9/8 05:00,2
2005/9/8 05:30,2
2005/9/8 06:00,2
2005/9/8 06:30,2
2005/9/8 07:00,3
2005/9/8 07:30,4
2005/9/8 08:00,6
2005/9/8 08:30,6
2005/9/8 09:00,16
2005/9/8 09:30,27
2005/9/8 10:00,31
2005/9/8 10:30,40
2005/9/8 11:00,34
2005/9/8 11:30,37
2005/9/8 12:00,17
2005/9/8 12:30,9
2005/9/8 13:00,25
2005/9/8 13:30,15
2005/9/8 14:00,26
2005/9/8 14:30,26
2005/9/8 15:00,29
2005/9/8 15:30,41
2005/9/8 16:00,45
2005/9/8 16:30,43
2005/9/8 17:00,37
2005/9/8 17:30,25
2005/9/8 18:00,19
2005/9/8 18:30,18
2005/9/8 19:00,15
2005/9/8 19:30,11
2005/9/8 20:00,11
2005/9/8 20:30,11
2005/9/8 21:00,12
2005/9/8 21:30,11
2005/9/8 22:00,10
2005/9/8 22:30,11
2005/9/8 23:00,8
2005/9/8 23:30,6
2005/9/9 00:00,0
2005/9/9 00:30,-1
2005/9/9 01:00,-1
2005/9/9 01:30,-1
2005/9/9 02:00,-1
2005/9/9 02:30,0
2005/9/9 03:00,0
2005/9/9 03:30,0
2005/9/9 04:00,0
2005/9/9 04:30,0
2005/9/9 05:00,0
2005/9/9 05:30,0
2005/9/9 06:00,-2
2005/9/9 06:30,-2
2005/9/9 07:00,1
2005/9/9 07:30,-1
2005/9/9 08:00,1
2005/9/9 08:30,3
2005/9/9 09:00,10
2005/9/9 09:30,20
2005/9/9 10:00,20
2005/9/9 10:30,31
2005/9/9 11:00,40
2005/9/9 11:30,46
2005/9/9 12:00,34
2005/9/9 12:30,22
2005/9/9 13:00,22
2005/9/9 13:30,25
2005/9/9 14:00,36
2005/9/9 14:30,41
2005/9/9 15:00,45
2005/9/9 15:30,36
2005/9/9 16:00,38
2005/9/9 16:30,37
2005/9/9 17:00,26
2005/9/9 17:30,22
2005/9/9 18:00,13
2005/9/9 18:30,13
2005/9/9 19:00,10
2005/9/9 19:30,9
2005/9/9 20:00,9
2005/9/9 20:30,8
2005/9/9 21:00,7
2005/9/9 21:30,7
2005/9/9 22:00,5
2005/9/9 22:30,4
2005/9/9 23:00,4
2005/9/9 23:30,4
2005/9/10 00:00,0
2005/9/10 00:30,0
2005/9/10 01:00,0
2005/9/10 01:30,0
2005/9/10 02:00,0
2005/9/10 02:30,0
2005/9/10 03:00,0
2005/9/10 03:30,0
2005/9/10 04:00,0
2005/9/10 04:30,0
2005/9/10 05:00,0
2005/9/10 05:30,0
2005/9/10 06:00,0
2005/9/10 06:30,0
2005/9/10 07:00,0
2005/9/10 07:30,0
2005/9/10 08:00,0
2005/9/10 08:30,0
2005/9/10 09:00,0
2005/9/10 09:30,0
2005/9/10 10:00,0
2005/9/10 10:30,0
2005/9/10 11:00,0
2005/9/10 11:30,1
2005/9/10 12:00,1
2005/9/10 12:30,1
2005/9/10 13:00,2
2005/9/10 13:30,1
2005/9/10 14:00,1
2005/9/10 14:30,0
2005/9/10 15:00,1
2005/9/10 15:30,1
2005/9/10 16:00,1
2005/9/10 16:30,-1
2005/9/10 17:00,-1
2005/9/10 17:30,-1
2005/9/10 18:00,-2
2005/9/10 18:30,-2
2005/9/10 19:00,-3
2005/9/10 19:30,-3
2005/9/10 20:00,-3
2005/9/10 20:30,-3
2005/9/10 21:00,-4
2005/9/10 21:30,-4
2005/9/10 22:00,-4
2005/9/10 22:30,-4
2005/9/10 23:00,-4
2005/9/10 23:30,-5
2005/9/11 00:00,-1
2005/9/11 00:30,-1
2005/9/11 01:00,-1
2005/9/11 01:30,-1
2005/9/11 02:00,-1
2005/9/11 02:30,-1
2005/9/11 03:00,-1
2005/9/11 03:30,-1
2005/9/11 04:00,-1
2005/9/11 04:30,-1
2005/9/11 05:00,-1
2005/9/11 05:30,-1
2005/9/11 06:00,-1
2005/9/11 06:30,-1
2005/9/11 07:00,-1
2005/9/11 07:30,-1
2005/9/11 08:00,-1
2005/9/11 08:30,-1
2005/9/11 09:00,-1
2005/9/11 09:30,-1
2005/9/11 10:00,-1
2005/9/11 10:30,-1
2005/9/11 11:00,1
2005/9/11 11:30,1
2005/9/11 12:00,1
2005/9/11 12:30,0
2005/9/11 13:00,0
2005/9/11 13:30,0
2005/9/11 14:00,0
2005/9/11 14:30,0
2005/9/11 15:00,-1
2005/9/11 15:30,-1
2005/9/11 16:00,-2
2005/9/11 16:30,-2
2005/9/11 17:00,-3
2005/9/11 17:30,-3
2005/9/11 18:00,-3
2005/9/11 18:30,-4
2005/9/11 19:00,-5
2005/9/11 19:30,-5
2005/9/11 20:00,-6
2005/9/11 20:30,-6
2005/9/11 21:00,-5
2005/9/11 21:30,-5
2005/9/11 22:00,-5
2005/9/11 22:30,-5
2005/9/11 23:00,-5
2005/9/11 23:30,-5
2005/9/12 00:00,0
2005/9/12 00:30,0
2005/9/12 01:00,0
2005/9/12 01:30,0
2005/9/12 02:00,0
2005/9/12 02:30,0
2005/9/12 03:00,0
2005/9/12 03:30,0
2005/9/12 04:00,0
2005/9/12 04:30,0
2005/9/12 05:00,0
2005/9/12 05:30,0
2005/9/12 06:00,0
2005/9/12 06:30,0
2005/9/12 07:00,3
2005/9/12 07:30,3
2005/9/12 08:00,3
2005/9/12 08:30,9
2005/9/12 09:00,16
2005/9/12 09:30,20
2005/9/12 10:00,24
2005/9/12 10:30,35
2005/9/12 11:00,39
2005/9/12 11:30,41
2005/9/12 12:00,22
2005/9/12 12:30,24
2005/9/12 13:00,39
2005/9/12 13:30,47
2005/9/12 14:00,44
2005/9/12 14:30,38
2005/9/12 15:00,37
2005/9/12 15:30,37
2005/9/12 16:00,51
2005/9/12 16:30,44
2005/9/12 17:00,37
2005/9/12 17:30,34
2005/9/12 18:00,21
2005/9/12 18:30,16
2005/9/12 19:00,16
2005/9/12 19:30,14
2005/9/12 20:00,14
2005/9/12 20:30,14
2005/9/12 21:00,14
2005/9/12 21:30,13
2005/9/12 22:00,13
2005/9/12 22:30,13
2005/9/12 23:00,12
2005/9/12 23:30,12
2005/9/13 00:00,-1
2005/9/13 00:30,-1
2005/9/13 01:00,-2
2005/9/13 01:30,-2
2005/9/13 02:00,-2
2005/9/13 02:30,-2
2005/9/13 03:00,-2
2005/9/13 03:30,-2
2005/9/13 04:00,-2
2005/9/13 04:30,-2
2005/9/13 05:00,-2
2005/9/13 05:30,-1
2005/9/13 06:00,-1
2005/9/13 06:30,-1
2005/9/13 07:00,-1
2005/9/13 07:30,-1
2005/9/13 08:00,1
2005/9/13 08:30,4
2005/9/13 09:00,11
2005/9/13 09:30,16
2005/9/13 10:00,26
2005/9/13 10:30,31
2005/9/13 11:00,36
2005/9/13 11:30,35
2005/9/13 12:00,29
2005/9/13 12:30,36
2005/9/13 13:00,44
2005/9/13 13:30,55
2005/9/13 14:00,51
2005/9/13 14:30,53
2005/9/13 15:00,58
2005/9/13 15:30,62
2005/9/13 16:00,62
2005/9/13 16:30,61
2005/9/13 17:00,42
2005/9/13 17:30,35
2005/9/13 18:00,26
2005/9/13 18:30,24
2005/9/13 19:00,24
2005/9/13 19:30,22
2005/9/13 20:00,23
2005/9/13 20:30,22
2005/9/13 21:00,22
2005/9/13 21:30,22
2005/9/13 22:00,22
2005/9/13 22:30,21
2005/9/13 23:00,21
2005/9/13 23:30,20
2005/9/14 00:00,0
2005/9/14 00:30,-1
2005/9/14 01:00,-1
2005/9/14 01:30,-1
2005/9/14 02:00,-1
2005/9/14 02:30,-1
2005/9/14 03:00,-1
2005/9/14 03:30,-1
2005/9/14 04:00,-1
2005/9/14 04:30,-1
2005/9/14 05:00,-1
2005/9/14 05:30,-1
2005/9/14 06:00,0
2005/9/14 06:30,0
2005/9/14 07:00,0
2005/9/14 07:30,1
2005/9/14 08:00,2
2005/9/14 08:30,4
2005/9/14 09:00,17
2005/9/14 09:30,25
2005/9/14 10:00,35
2005/9/14 10:30,39
2005/9/14 11:00,37
2005/9/14 11:30,25
2005/9/14 12:00,15
2005/9/14 12:30,14
2005/9/14 13:00,30
2005/9/14 13:30,49
2005/9/14 14:00,64
2005/9/14 14:30,60
2005/9/14 15:00,58
2005/9/14 15:30,60
2005/9/14 16:00,60
2005/9/14 16:30,64
2005/9/14 17:00,53
2005/9/14 17:30,49
2005/9/14 18:00,47
2005/9/14 18:30,39
2005/9/14 19:00,38
2005/9/14 19:30,34
2005/9/14 20:00,35
2005/9/14 20:30,35
2005/9/14 21:00,36
2005/9/14 21:30,35
2005/9/14 22:00,35
2005/9/14 22:30,34
2005/9/14 23:00,32
2005/9/14 23:30,30
2005/9/15 00:00,-1
2005/9/15 00:30,-1
2005/9/15 01:00,-2
2005/9/15 01:30,-2
2005/9/15 02:00,-2
2005/9/15 02:30,-2
2005/9/15 03:00,-2
2005/9/15 03:30,-2
2005/9/15 04:00,-2
2005/9/15 04:30,-2
2005/9/15 05:00,-2
2005/9/15 05:30,-2
2005/9/15 06:00,-2
2005/9/15 06:30,-2
2005/9/15 07:00,-1
2005/9/15 07:30,1
2005/9/15 08:00,4
2005/9/15 08:30,14
2005/9/15 09:00,21
2005/9/15 09:30,26
2005/9/15 10:00,23
2005/9/15 10:30,21
2005/9/15 11:00,23
2005/9/15 11:30,21
2005/9/15 12:00,9
2005/9/15 12:30,8
2005/9/15 13:00,10
2005/9/15 13:30,39
2005/9/15 14:00,38
2005/9/15 14:30,37
2005/9/15 15:00,44
2005/9/15 15:30,43
2005/9/15 16:00,38
2005/9/15 16:30,40
2005/9/15 17:00,35
2005/9/15 17:30,25
2005/9/15 18:00,18
2005/9/15 18:30,13
2005/9/15 19:00,11
2005/9/15 19:30,11
2005/9/15 20:00,10
2005/9/15 20:30,12
2005/9/15 21:00,14
2005/9/15 21:30,12
2005/9/15 22:00,14
2005/9/15 22:30,12
2005/9/15 23:00,10
2005/9/15 23:30,10
2005/9/16 00:00,-3
2005/9/16 00:30,-3
2005/9/16 01:00,-5
2005/9/16 01:30,-5
2005/9/16 02:00,-5
2005/9/16 02:30,-5
2005/9/16 03:00,-5
2005/9/16 03:30,-5
2005/9/16 04:00,-5
2005/9/16 04:30,-5
2005/9/16 05:00,-5
2005/9/16 05:30,-5
2005/9/16 06:00,-5
2005/9/16 06:30,-5
2005/9/16 07:00,-4
2005/9/16 07:30,-4
2005/9/16 08:00,-4
2005/9/16 08:30,-2
2005/9/16 09:00,-3
2005/9/16 09:30,-2
2005/9/16 10:00,4
2005/9/16 10:30,12
2005/9/16 11:00,12
2005/9/16 11:30,16
2005/9/16 12:00,14
2005/9/16 12:30,10
2005/9/16 13:00,13
2005/9/16 13:30,24
2005/9/16 14:00,44
2005/9/16 14:30,50
2005/9/16 15:00,53
2005/9/16 15:30,47
2005/9/16 16:00,43
2005/9/16 16:30,41
2005/9/16 17:00,35
2005/9/16 17:30,27
2005/9/16 18:00,24
2005/9/16 18:30,23
2005/9/16 19:00,20
2005/9/16 19:30,20
2005/9/16 20:00,18
2005/9/16 20:30,18
2005/9/16 21:00,18
2005/9/16 21:30,20
2005/9/16 22:00,19
2005/9/16 22:30,18
2005/9/16 23:00,17
2005/9/16 23:30,16
2005/9/17 00:00,0
2005/9/17 00:30,-1
2005/9/17 01:00,-1
2005/9/17 01:30,-1
2005/9/17 02:00,-6
2005/9/17 02:30,-6
2005/9/17 03:00,-6
2005/9/17 03:30,-6
2005/9/17 04:00,-6
2005/9/17 04:30,-6
2005/9/17 05:00,-6
2005/9/17 05:30,-6
2005/9/17 06:00,-6
2005/9/17 06:30,-6
2005/9/17 07:00,-6
2005/9/17 07:30,-6
2005/9/17 08:00,-6
2005/9/17 08:30,-6
2005/9/17 09:00,-6
2005/9/17 09:30,-6
2005/9/17 10:00,-6
2005/9/17 10:30,-7
2005/9/17 11:00,-6
2005/9/17 11:30,-6
2005/9/17 12:00,-6
2005/9/17 12:30,-6
2005/9/17 13:00,-6
2005/9/17 13:30,-10
2005/9/17 14:00,-9
2005/9/17 14:30,-9
2005/9/17 15:00,-9
2005/9/17 15:30,-10
2005/9/17 16:00,-9
2005/9/17 16:30,-9
2005/9/17 17:00,-7
2005/9/17 17:30,-9
2005/9/17 18:00,-9
2005/9/17 18:30,-10
2005/9/17 19:00,-10
2005/9/17 19:30,-11
2005/9/17 20:00,-11
2005/9/17 20:30,-11
2005/9/17 21:00,-11
2005/9/17 21:30,-11
2005/9/17 22:00,-11
2005/9/17 22:30,-10
2005/9/17 23:00,-11
2005/9/17 23:30,-11
2005/9/18 00:00,-3
2005/9/18 00:30,-3
2005/9/18 01:00,-3
2005/9/18 01:30,-3
2005/9/18 02:00,-3
2005/9/18 02:30,-3
2005/9/18 03:00,-3
2005/9/18 03:30,-3
2005/9/18 04:00,-3
2005/9/18 04:30,-3
2005/9/18 05:00,-3
2005/9/18 05:30,-3
2005/9/18 06:00,-3
2005/9/18 06:30,-3
2005/9/18 07:00,-3
2005/9/18 07:30,-3
2005/9/18 08:00,-3
2005/9/18 08:30,-3
2005/9/18 09:00,-3
2005/9/18 09:30,-3
2005/9/18 10:00,-3
2005/9/18 10:30,-3
2005/9/18 11:00,-3
2005/9/18 11:30,-3
2005/9/18 12:00,-4
2005/9/18 12:30,-4
2005/9/18 13:00,-4
2005/9/18 13:30,-4
2005/9/18 14:00,-4
2005/9/18 14:30,-4
2005/9/18 15:00,-5
2005/9/18 15:30,-5
2005/9/18 16:00,-6
2005/9/18 16:30,-7
2005/9/18 17:00,-7
2005/9/18 17:30,-8
2005/9/18 18:00,-9
2005/9/18 18:30,-11
2005/9/18 19:00,-9
2005/9/18 19:30,-9
2005/9/18 20:00,-9
2005/9/18 20:30,-9
2005/9/18 21:00,-11
2005/9/18 21:30,-9
2005/9/18 22:00,-9
2005/9/18 22:30,-11
2005/9/18 23:00,-11
2005/9/18 23:30,-12
2005/9/19 00:00,-1
2005/9/19 00:30,-3
2005/9/19 01:00,-3
2005/9/19 01:30,-3
2005/9/19 02:00,-3
2005/9/19 02:30,-3
2005/9/19 03:00,-3
2005/9/19 03:30,-3
2005/9/19 04:00,-3
2005/9/19 04:30,-3
2005/9/19 05:00,-3
2005/9/19 05:30,-3
2005/9/19 06:00,-3
2005/9/19 06:30,-3
2005/9/19 07:00,-1
2005/9/19 07:30,0
2005/9/19 08:00,1
2005/9/19 08:30,3
2005/9/19 09:00,11
2005/9/19 09:30,16
2005/9/19 10:00,21
2005/9/19 10:30,21
2005/9/19 11:00,22
2005/9/19 11:30,18
2005/9/19 12:00,9
2005/9/19 12:30,1
2005/9/19 13:00,12
2005/9/19 13:30,28
2005/9/19 14:00,36
2005/9/19 14:30,41
2005/9/19 15:00,44
2005/9/19 15:30,45
2005/9/19 16:00,48
2005/9/19 16:30,42
2005/9/19 17:00,38
2005/9/19 17:30,33
2005/9/19 18:00,22
2005/9/19 18:30,23
2005/9/19 19:00,19
2005/9/19 19:30,18
2005/9/19 20:00,16
2005/9/19 20:30,16
2005/9/19 21:00,16
2005/9/19 21:30,14
2005/9/19 22:00,13
2005/9/19 22:30,12
2005/9/19 23:00,11
2005/9/19 23:30,14
2005/9/20 00:00,0
2005/9/20 00:30,-1
2005/9/20 01:00,-1
2005/9/20 01:30,-1
2005/9/20 02:00,-1
2005/9/20 02:30,-1
2005/9/20 03:00,-1
2005/9/20 03:30,-1
2005/9/20 04:00,-1
2005/9/20 04:30,-1
2005/9/20 05:00,-1
2005/9/20 05:30,-1
2005/9/20 06:00,-1
2005/9/20 06:30,-1
2005/9/20 07:00,-1
2005/9/20 07:30,0
2005/9/20 08:00,1
2005/9/20 08:30,3
2005/9/20 09:00,8
2005/9/20 09:30,10
2005/9/20 10:00,17
2005/9/20 10:30,29
2005/9/20 11:00,33
2005/9/20 11:30,34
2005/9/20 12:00,20
2005/9/20 12:30,23
2005/9/20 13:00,26
2005/9/20 13:30,32
2005/9/20 14:00,39
2005/9/20 14:30,36
2005/9/20 15:00,39
2005/9/20 15:30,41
2005/9/20 16:00,45
2005/9/20 16:30,60
2005/9/20 17:00,37
2005/9/20 17:30,32
2005/9/20 18:00,23
2005/9/20 18:30,21
2005/9/20 19:00,20
2005/9/20 19:30,13
2005/9/20 20:00,15
2005/9/20 20:30,14
2005/9/20 21:00,13
2005/9/20 21:30,13
2005/9/20 22:00,15
2005/9/20 22:30,14
2005/9/20 23:00,15
2005/9/20 23:30,15
2005/9/21 00:00,-2
2005/9/21 00:30,-3
2005/9/21 01:00,-3
2005/9/21 01:30,-3
2005/9/21 02:00,-3
2005/9/21 02:30,-3
2005/9/21 03:00,-3
2005/9/21 03:30,-3
2005/9/21 04:00,-3
2005/9/21 04:30,-3
2005/9/21 05:00,-3
2005/9/21 05:30,-3
2005/9/21 06:00,-3
2005/9/21 06:30,-3
2005/9/21 07:00,-3
2005/9/21 07:30,-2
2005/9/21 08:00,-1
2005/9/21 08:30,12
2005/9/21 09:00,30
2005/9/21 09:30,35
2005/9/21 10:00,31
2005/9/21 10:30,56
2005/9/21 11:00,53
2005/9/21 11:30,51
2005/9/21 12:00,45
2005/9/21 12:30,29
2005/9/21 13:00,20
2005/9/21 13:30,22
2005/9/21 14:00,38
2005/9/21 14:30,41
2005/9/21 15:00,45
2005/9/21 15:30,58
2005/9/21 16:00,51
2005/9/21 16:30,50
2005/9/21 17:00,35
2005/9/21 17:30,26
2005/9/21 18:00,23
2005/9/21 18:30,13
2005/9/21 19:00,13
2005/9/21 19:30,11
2005/9/21 20:00,13
2005/9/21 20:30,11
2005/9/21 21:00,13
2005/9/21 21:30,13
2005/9/21 22:00,12
2005/9/21 22:30,11
2005/9/21 23:00,10
2005/9/21 23:30,8
2005/9/22 00:00,-1
2005/9/22 00:30,-1
2005/9/22 01:00,1
2005/9/22 01:30,1
2005/9/22 02:00,2
2005/9/22 02:30,2
2005/9/22 03:00,1
2005/9/22 03:30,1
2005/9/22 04:00,1
2005/9/22 04:30,1
2005/9/22 05:00,1
2005/9/22 05:30,1
2005/9/22 06:00,1
2005/9/22 06:30,0
2005/9/22 07:00,0
2005/9/22 07:30,0
2005/9/22 08:00,4
2005/9/22 08:30,4
2005/9/22 09:00,14
2005/9/22 09:30,20
2005/9/22 10:00,20
2005/9/22 10:30,29
2005/9/22 11:00,34
2005/9/22 11:30,32
2005/9/22 12:00,19
2005/9/22 12:30,15
2005/9/22 13:00,35
2005/9/22 13:30,43
2005/9/22 14:00,70
2005/9/22 14:30,82
2005/9/22 15:00,81
2005/9/22 15:30,80
2005/9/22 16:00,85
2005/9/22 16:30,87
2005/9/22 17:00,89
2005/9/22 17:30,77
2005/9/22 18:00,62
2005/9/22 18:30,54
2005/9/22 19:00,55
2005/9/22 19:30,54
2005/9/22 20:00,53
2005/9/22 20:30,54
2005/9/22 21:00,54
2005/9/22 21:30,52
2005/9/22 22:00,51
2005/9/22 22:30,50
2005/9/22 23:00,50
2005/9/22 23:30,49
2005/9/23 00:00,-1
2005/9/23 00:30,-1
2005/9/23 01:00,-2
2005/9/23 01:30,-3
2005/9/23 02:00,-4
2005/9/23 02:30,-4
2005/9/23 03:00,-4
2005/9/23 03:30,-4
2005/9/23 04:00,-4
2005/9/23 04:30,-4
2005/9/23 05:00,-4
2005/9/23 05:30,-4
2005/9/23 06:00,-3
2005/9/23 06:30,-3
2005/9/23 07:00,-3
2005/9/23 07:30,-2
2005/9/23 08:00,-3
2005/9/23 08:30,2
2005/9/23 09:00,6
2005/9/23 09:30,17
2005/9/23 10:00,30
2005/9/23 10:30,33
2005/9/23 11:00,37
2005/9/23 11:30,37
2005/9/23 12:00,34
2005/9/23 12:30,27
2005/9/23 13:00,33
2005/9/23 13:30,36
2005/9/23 14:00,48
2005/9/23 14:30,46
2005/9/23 15:00,49
2005/9/23 15:30,47
2005/9/23 16:00,44
2005/9/23 16:30,47
2005/9/23 17:00,42
2005/9/23 17:30,38
2005/9/23 18:00,41
2005/9/23 18:30,33
2005/9/23 19:00,29
2005/9/23 19:30,29
2005/9/23 20:00,26
2005/9/23 20:30,23
2005/9/23 21:00,22
2005/9/23 21:30,23
2005/9/23 22:00,26
2005/9/23 22:30,26
2005/9/23 23:00,26
2005/9/23 23:30,26
2005/9/24 00:00,1
2005/9/24 00:30,0
2005/9/24 01:00,0
2005/9/24 01:30,-1
2005/9/24 02:00,-2
2005/9/24 02:30,-2
2005/9/24 03:00,-2
2005/9/24 03:30,-2
2005/9/24 04:00,-2
2005/9/24 04:30,-2
2005/9/24 05:00,-2
2005/9/24 05:30,-2
2005/9/24 06:00,-2
2005/9/24 06:30,-2
2005/9/24 07:00,-2
2005/9/24 07:30,-2
2005/9/24 08:00,-2
2005/9/24 08:30,-3
2005/9/24 09:00,-2
2005/9/24 09:30,-2
2005/9/24 10:00,-1
2005/9/24 10:30,1
2005/9/24 11:00,1
2005/9/24 11:30,1
2005/9/24 12:00,-1
2005/9/24 12:30,0
2005/9/24 13:00,-4
2005/9/24 13:30,-1
2005/9/24 14:00,2
2005/9/24 14:30,2
2005/9/24 15:00,2
2005/9/24 15:30,0
2005/9/24 16:00,0
2005/9/24 16:30,0
2005/9/24 17:00,-1
2005/9/24 17:30,-2
2005/9/24 18:00,-2
2005/9/24 18:30,-2
2005/9/24 19:00,-2
2005/9/24 19:30,-3
2005/9/24 20:00,-3
2005/9/24 20:30,-3
2005/9/24 21:00,-3
2005/9/24 21:30,-3
2005/9/24 22:00,-3
2005/9/24 22:30,-4
2005/9/24 23:00,-5
2005/9/24 23:30,-5
2005/9/25 00:00,0
2005/9/25 00:30,-1
2005/9/25 01:00,-1
2005/9/25 01:30,-1
2005/9/25 02:00,-1
2005/9/25 02:30,-1
2005/9/25 03:00,-1
2005/9/25 03:30,-1
2005/9/25 04:00,-1
2005/9/25 04:30,-1
2005/9/25 05:00,-1
2005/9/25 05:30,-1
2005/9/25 06:00,-1
2005/9/25 06:30,-1
2005/9/25 07:00,-1
2005/9/25 07:30,-2
2005/9/25 08:00,-2
2005/9/25 08:30,-2
2005/9/25 09:00,-2
2005/9/25 09:30,-1
2005/9/25 10:00,-1
2005/9/25 10:30,0
2005/9/25 11:00,-1
2005/9/25 11:30,-1
2005/9/25 12:00,-1
2005/9/25 12:30,-3
2005/9/25 13:00,-2
2005/9/25 13:30,-1
2005/9/25 14:00,-1
2005/9/25 14:30,0
2005/9/25 15:00,-1
2005/9/25 15:30,0
2005/9/25 16:00,0
2005/9/25 16:30,0
2005/9/25 17:00,-2
2005/9/25 17:30,-2
2005/9/25 18:00,-4
2005/9/25 18:30,-6
2005/9/25 19:00,-8
2005/9/25 19:30,-7
2005/9/25 20:00,-5
2005/9/25 20:30,-5
2005/9/25 21:00,-6
2005/9/25 21:30,-6
2005/9/25 22:00,-6
2005/9/25 22:30,-9
2005/9/25 23:00,-8
2005/9/25 23:30,-9
2005/9/26 00:00,-2
2005/9/26 00:30,-2
2005/9/26 01:00,-2
2005/9/26 01:30,-2
2005/9/26 02:00,-3
2005/9/26 02:30,-3
2005/9/26 03:00,-3
2005/9/26 03:30,-3
2005/9/26 04:00,-3
2005/9/26 04:30,-3
2005/9/26 05:00,-3
2005/9/26 05:30,-3
2005/9/26 06:00,-3
2005/9/26 06:30,-3
2005/9/26 07:00,-3
2005/9/26 07:30,-2
2005/9/26 08:00,-1
2005/9/26 08:30,3
2005/9/26 09:00,9
2005/9/26 09:30,16
2005/9/26 10:00,21
2005/9/26 10:30,19
2005/9/26 11:00,27
2005/9/26 11:30,21
2005/9/26 12:00,3
2005/9/26 12:30,-3
2005/9/26 13:00,12
2005/9/26 13:30,18
2005/9/26 14:00,26
2005/9/26 14:30,29
2005/9/26 15:00,31
2005/9/26 15:30,21
2005/9/26 16:00,24
2005/9/26 16:30,33
2005/9/26 17:00,24
2005/9/26 17:30,12
2005/9/26 18:00,11
2005/9/26 18:30,8
2005/9/26 19:00,6
2005/9/26 19:30,6
2005/9/26 20:00,3
2005/9/26 20:30,-2
2005/9/26 21:00,1
2005/9/26 21:30,1
2005/9/26 22:00,1
2005/9/26 22:30,0
2005/9/26 23:00,-1
2005/9/26 23:30,-2
2005/9/27 00:00,0
2005/9/27 00:30,0
2005/9/27 01:00,-1
2005/9/27 01:30,-1
2005/9/27 02:00,-1
2005/9/27 02:30,-1
2005/9/27 03:00,-1
2005/9/27 03:30,-1
2005/9/27 04:00,-1
2005/9/27 04:30,-1
2005/9/27 05:00,-1
2005/9/27 05:30,-1
2005/9/27 06:00,-1
2005/9/27 06:30,-2
2005/9/27 07:00,1
2005/9/27 07:30,0
2005/9/27 08:00,1
2005/9/27 08:30,5
2005/9/27 09:00,10
2005/9/27 09:30,24
2005/9/27 10:00,31
2005/9/27 10:30,36
2005/9/27 11:00,37
2005/9/27 11:30,28
2005/9/27 12:00,16
2005/9/27 12:30,22
2005/9/27 13:00,28
2005/9/27 13:30,38
2005/9/27 14:00,49
2005/9/27 14:30,60
2005/9/27 15:00,63
2005/9/27 15:30,60
2005/9/27 16:00,59
2005/9/27 16:30,51
2005/9/27 17:00,50
2005/9/27 17:30,47
2005/9/27 18:00,44
2005/9/27 18:30,37
2005/9/27 19:00,34
2005/9/27 19:30,36
2005/9/27 20:00,35
2005/9/27 20:30,33
2005/9/27 21:00,29
2005/9/27 21:30,28
2005/9/27 22:00,28
2005/9/27 22:30,28
2005/9/27 23:00,26
2005/9/27 23:30,26
2005/9/28 00:00,-1
2005/9/28 00:30,-1
2005/9/28 01:00,-1
2005/9/28 01:30,-1
2005/9/28 02:00,-1
2005/9/28 02:30,-2
2005/9/28 03:00,-2
2005/9/28 03:30,-2
2005/9/28 04:00,-2
2005/9/28 04:30,-2
2005/9/28 05:00,-2
2005/9/28 05:30,-2
2005/9/28 06:00,-2
2005/9/28 06:30,-1
2005/9/28 07:00,0
2005/9/28 07:30,-3
2005/9/28 08:00,-1
2005/9/28 08:30,4
2005/9/28 09:00,8
2005/9/28 09:30,14
2005/9/28 10:00,21
2005/9/28 10:30,24
2005/9/28 11:00,25
2005/9/28 11:30,27
2005/9/28 12:00,17
2005/9/28 12:30,15
2005/9/28 13:00,18
2005/9/28 13:30,29
2005/9/28 14:00,43
2005/9/28 14:30,37
2005/9/28 15:00,42
2005/9/28 15:30,35
2005/9/28 16:00,27
2005/9/28 16:30,22
2005/9/28 17:00,15
2005/9/28 17:30,12
2005/9/28 18:00,10
2005/9/28 18:30,6
2005/9/28 19:00,7
2005/9/28 19:30,5
2005/9/28 20:00,6
2005/9/28 20:30,6
2005/9/28 21:00,6
2005/9/28 21:30,6
2005/9/28 22:00,6
2005/9/28 22:30,6
2005/9/28 23:00,6
2005/9/28 23:30,6
2005/9/29 00:00,0
2005/9/29 00:30,0
2005/9/29 01:00,0
2005/9/29 01:30,0
2005/9/29 02:00,0
2005/9/29 02:30,0
2005/9/29 03:00,0
2005/9/29 03:30,0
2005/9/29 04:00,0
2005/9/29 04:30,0
2005/9/29 05:00,0
2005/9/29 05:30,0
2005/9/29 06:00,0
2005/9/29 06:30,0
2005/9/29 07:00,0
2005/9/29 07:30,0
2005/9/29 08:00,-2
2005/9/29 08:30,5
2005/9/29 09:00,8
2005/9/29 09:30,16
2005/9/29 10:00,20
2005/9/29 10:30,22
2005/9/29 11:00,28
2005/9/29 11:30,29
2005/9/29 12:00,21
2005/9/29 12:30,11
2005/9/29 13:00,22
2005/9/29 13:30,36
2005/9/29 14:00,40
2005/9/29 14:30,46
2005/9/29 15:00,42
2005/9/29 15:30,39
2005/9/29 16:00,33
2005/9/29 16:30,34
2005/9/29 17:00,30
2005/9/29 17:30,26
2005/9/29 18:00,26
2005/9/29 18:30,20
2005/9/29 19:00,19
2005/9/29 19:30,20
2005/9/29 20:00,15
2005/9/29 20:30,17
2005/9/29 21:00,18
2005/9/29 21:30,16
2005/9/29 22:00,17
2005/9/29 22:30,17
2005/9/29 23:00,17
2005/9/29 23:30,17
2005/9/30 00:00,-4
2005/9/30 00:30,-4
2005/9/30 01:00,-5
2005/9/30 01:30,-5
2005/9/30 02:00,-7
2005/9/30 02:30,-8
2005/9/30 03:00,-8
2005/9/30 03:30,-8
2005/9/30 04:00,-8
2005/9/30 04:30,-8
2005/9/30 05:00,-8
2005/9/30 05:30,-9
2005/9/30 06:00,-10
2005/9/30 06:30,-10
2005/9/30 07:00,-10
2005/9/30 07:30,-9
2005/9/30 08:00,-8
2005/9/30 08:30,-3
2005/9/30 09:00,0
2005/9/30 09:30,6
2005/9/30 10:00,16
2005/9/30 10:30,29
2005/9/30 11:00,40
2005/9/30 11:30,48
2005/9/30 12:00,42
2005/9/30 12:30,34
2005/9/30 13:00,38
2005/9/30 13:30,49
2005/9/30 14:00,53
2005/9/30 14:30,52
2005/9/30 15:00,47
2005/9/30 15:30,47
2005/9/30 16:00,49
2005/9/30 16:30,49
2005/9/30 17:00,36
2005/9/30 17:30,31
2005/9/30 18:00,29
2005/9/30 18:30,29
2005/9/30 19:00,28
2005/9/30 19:30,27
2005/9/30 20:00,26
2005/9/30 20:30,25
2005/9/30 21:00,26
2005/9/30 21:30,26
2005/9/30 22:00,26
2005/9/30 22:30,26
2005/9/30 23:00,27
2005/9/30 23:30,27
2005/10/1 00:00,-1
2005/10/1 00:30,-1
2005/10/1 01:00,-1
2005/10/1 01:30,-1
2005/10/1 02:00,-3
2005/10/1 02:30,-3
2005/10/1 03:00,-5
2005/10/1 03:30,-5
2005/10/1 04:00,-5
2005/10/1 04:30,-5
2005/10/1 05:00,-5
2005/10/1 05:30,-5
2005/10/1 06:00,-5
2005/10/1 06:30,-5
2005/10/1 07:00,-5
2005/10/1 07:30,-5
2005/10/1 08:00,-5
2005/10/1 08:30,-6
2005/10/1 09:00,-6
2005/10/1 09:30,-5
2005/10/1 10:00,-6
2005/10/1 10:30,-3
2005/10/1 11:00,-3
2005/10/1 11:30,-3
2005/10/1 12:00,-2
2005/10/1 12:30,-6
2005/10/1 13:00,-6
2005/10/1 13:30,-6
2005/10/1 14:00,-6
2005/10/1 14:30,-9
2005/10/1 15:00,-9
2005/10/1 15:30,-9
2005/10/1 16:00,-10
2005/10/1 16:30,-14
2005/10/1 17:00,-14
2005/10/1 17:30,-15
2005/10/1 18:00,-16
2005/10/1 18:30,-16
2005/10/1 19:00,-16
2005/10/1 19:30,-16
2005/10/1 20:00,-16
2005/10/1 20:30,-16
2005/10/1 21:00,-18
2005/10/1 21:30,-18
2005/10/1 22:00,-17
2005/10/1 22:30,-17
2005/10/1 23:00,-17
2005/10/1 23:30,-18
2005/10/2 00:00,-1
2005/10/2 00:30,-1
2005/10/2 01:00,-2
2005/10/2 01:30,-2
2005/10/2 02:00,-2
2005/10/2 02:30,-2
2005/10/2 03:00,-2
2005/10/2 03:30,-2
2005/10/2 04:00,-2
2005/10/2 04:30,-3
2005/10/2 05:00,-3
2005/10/2 05:30,-3
2005/10/2 06:00,-3
2005/10/2 06:30,-3
2005/10/2 07:00,-3
2005/10/2 07:30,-3
2005/10/2 08:00,-3
2005/10/2 08:30,-3
2005/10/2 09:00,-3
2005/10/2 09:30,-3
2005/10/2 10:00,-3
2005/10/2 10:30,-3
2005/10/2 11:00,-2
2005/10/2 11:30,-2
2005/10/2 12:00,-3
2005/10/2 12:30,-2
2005/10/2 13:00,-2
2005/10/2 13:30,1
2005/10/2 14:00,2
2005/10/2 14:30,2
2005/10/2 15:00,1
2005/10/2 15:30,3
2005/10/2 16:00,3
2005/10/2 16:30,5
2005/10/2 17:00,4
2005/10/2 17:30,2
2005/10/2 18:00,3
2005/10/2 18:30,2
2005/10/2 19:00,2
2005/10/2 19:30,2
2005/10/2 20:00,2
2005/10/2 20:30,6
2005/10/2 21:00,6
2005/10/2 21:30,6
2005/10/2 22:00,6
2005/10/2 22:30,4
2005/10/2 23:00,4
2005/10/2 23:30,3
2005/10/3 00:00,0
2005/10/3 00:30,-1
2005/10/3 01:00,-1
2005/10/3 01:30,-3
2005/10/3 02:00,-3
2005/10/3 02:30,-3
2005/10/3 03:00,-3
2005/10/3 03:30,-3
2005/10/3 04:00,-3
2005/10/3 04:30,-3
2005/10/3 05:00,-3
2005/10/3 05:30,-1
2005/10/3 06:00,0
2005/10/3 06:30,1
2005/10/3 07:00,2
2005/10/3 07:30,2
2005/10/3 08:00,3
2005/10/3 08:30,6
2005/10/3 09:00,8
2005/10/3 09:30,20
2005/10/3 10:00,32
2005/10/3 10:30,41
2005/10/3 11:00,47
2005/10/3 11:30,46
2005/10/3 12:00,21
2005/10/3 12:30,20
2005/10/3 13:00,30
2005/10/3 13:30,45
2005/10/3 14:00,50
2005/10/3 14:30,55
2005/10/3 15:00,63
2005/10/3 15:30,73
2005/10/3 16:00,79
2005/10/3 16:30,72
2005/10/3 17:00,64
2005/10/3 17:30,47
2005/10/3 18:00,42
2005/10/3 18:30,39
2005/10/3 19:00,38
2005/10/3 19:30,37
2005/10/3 20:00,36
2005/10/3 20:30,37
2005/10/3 21:00,37
2005/10/3 21:30,37
2005/10/3 22:00,37
2005/10/3 22:30,37
2005/10/3 23:00,36
2005/10/3 23:30,36
2005/10/4 00:00,-3
2005/10/4 00:30,-3
2005/10/4 01:00,-3
2005/10/4 01:30,-3
2005/10/4 02:00,-3
2005/10/4 02:30,-3
2005/10/4 03:00,-3
2005/10/4 03:30,-3
2005/10/4 04:00,-3
2005/10/4 04:30,-3
2005/10/4 05:00,-3
2005/10/4 05:30,-3
2005/10/4 06:00,-4
2005/10/4 06:30,-2
2005/10/4 07:00,-4
2005/10/4 07:30,-4
2005/10/4 08:00,-4
2005/10/4 08:30,5
2005/10/4 09:00,7
2005/10/4 09:30,23
2005/10/4 10:00,37
2005/10/4 10:30,41
2005/10/4 11:00,46
2005/10/4 11:30,36
2005/10/4 12:00,58
2005/10/4 12:30,71
2005/10/4 13:00,89
2005/10/4 13:30,78
2005/10/4 14:00,67
2005/10/4 14:30,73
2005/10/4 15:00,76
2005/10/4 15:30,76
2005/10/4 16:00,74
2005/10/4 16:30,73
2005/10/4 17:00,58
2005/10/4 17:30,51
2005/10/4 18:00,39
2005/10/4 18:30,41
2005/10/4 19:00,40
2005/10/4 19:30,39
2005/10/4 20:00,38
2005/10/4 20:30,39
2005/10/4 21:00,38
2005/10/4 21:30,38
2005/10/4 22:00,37
2005/10/4 22:30,37
2005/10/4 23:00,36
2005/10/4 23:30,32
2005/10/5 00:00,1
2005/10/5 00:30,1
2005/10/5 01:00,1
2005/10/5 01:30,1
2005/10/5 02:00,1
2005/10/5 02:30,1
2005/10/5 03:00,-1
2005/10/5 03:30,-1
2005/10/5 04:00,-1
2005/10/5 04:30,-1
2005/10/5 05:00,-1
2005/10/5 05:30,-2
2005/10/5 06:00,-1
2005/10/5 06:30,-5
2005/10/5 07:00,-2
2005/10/5 07:30,-1
2005/10/5 08:00,-1
2005/10/5 08:30,3
2005/10/5 09:00,10
2005/10/5 09:30,17
2005/10/5 10:00,28
2005/10/5 10:30,30
2005/10/5 11:00,32
2005/10/5 11:30,35
2005/10/5 12:00,33
2005/10/5 12:30,33
2005/10/5 13:00,45
2005/10/5 13:30,56
2005/10/5 14:00,54
2005/10/5 14:30,62
2005/10/5 15:00,61
2005/10/5 15:30,55
2005/10/5 16:00,58
2005/10/5 16:30,57
2005/10/5 17:00,53
2005/10/5 17:30,51
2005/10/5 18:00,47
2005/10/5 18:30,38
2005/10/5 19:00,40
2005/10/5 19:30,44
2005/10/5 20:00,43
2005/10/5 20:30,41
2005/10/5 21:00,41
2005/10/5 21:30,41
2005/10/5 22:00,38
2005/10/5 22:30,38
2005/10/5 23:00,37
2005/10/5 23:30,37
2005/10/6 00:00,-1
2005/10/6 00:30,-2
2005/10/6 01:00,-2
2005/10/6 01:30,-2
2005/10/6 02:00,-2
2005/10/6 02:30,-2
2005/10/6 03:00,-2
2005/10/6 03:30,-3
2005/10/6 04:00,-4
2005/10/6 04:30,-4
2005/10/6 05:00,-4
2005/10/6 05:30,-4
2005/10/6 06:00,-4
2005/10/6 06:30,-4
2005/10/6 07:00,-4
2005/10/6 07:30,-2
2005/10/6 08:00,-2
2005/10/6 08:30,0
2005/10/6 09:00,9
2005/10/6 09:30,18
2005/10/6 10:00,24
2005/10/6 10:30,28
2005/10/6 11:00,31
2005/10/6 11:30,31
2005/10/6 12:00,26
2005/10/6 12:30,24
2005/10/6 13:00,38
2005/10/6 13:30,42
2005/10/6 14:00,48
2005/10/6 14:30,46
2005/10/6 15:00,51
2005/10/6 15:30,45
2005/10/6 16:00,46
2005/10/6 16:30,43
2005/10/6 17:00,39
2005/10/6 17:30,42
2005/10/6 18:00,35
2005/10/6 18:30,22
2005/10/6 19:00,21
2005/10/6 19:30,17
2005/10/6 20:00,16
2005/10/6 20:30,7
2005/10/6 21:00,7
2005/10/6 21:30,6
2005/10/6 22:00,3
2005/10/6 22:30,3
2005/10/6 23:00,-1
2005/10/6 23:30,-3
2005/10/7 00:00,0
2005/10/7 00:30,0
2005/10/7 01:00,0
2005/10/7 01:30,-1
2005/10/7 02:00,-1
2005/10/7 02:30,-1
2005/10/7 03:00,-1
2005/10/7 03:30,-1
2005/10/7 04:00,-1
2005/10/7 04:30,-1
2005/10/7 05:00,-2
2005/10/7 05:30,-3
2005/10/7 06:00,-3
2005/10/7 06:30,0
2005/10/7 07:00,0
2005/10/7 07:30,1
2005/10/7 08:00,0
2005/10/7 08:30,1
2005/10/7 09:00,19
2005/10/7 09:30,33
2005/10/7 10:00,34
2005/10/7 10:30,41
2005/10/7 11:00,35
2005/10/7 11:30,42
2005/10/7 12:00,41
2005/10/7 12:30,38
2005/10/7 13:00,37
2005/10/7 13:30,49
2005/10/7 14:00,66
2005/10/7 14:30,56
2005/10/7 15:00,50
2005/10/7 15:30,44
2005/10/7 16:00,48
2005/10/7 16:30,50
2005/10/7 17:00,39
2005/10/7 17:30,30
2005/10/7 18:00,23
2005/10/7 18:30,21
2005/10/7 19:00,16
2005/10/7 19:30,13
2005/10/7 20:00,12
2005/10/7 20:30,12
2005/10/7 21:00,11
2005/10/7 21:30,11
2005/10/7 22:00,11
2005/10/7 22:30,6
2005/10/7 23:00,6
2005/10/7 23:30,6
2005/10/8 00:00,0
2005/10/8 00:30,-2
2005/10/8 01:00,-2
2005/10/8 01:30,-2
2005/10/8 02:00,-2
2005/10/8 02:30,-2
2005/10/8 03:00,-3
2005/10/8 03:30,-3
2005/10/8 04:00,-3
2005/10/8 04:30,-3
2005/10/8 05:00,-3
2005/10/8 05:30,-3
2005/10/8 06:00,-3
2005/10/8 06:30,-3
2005/10/8 07:00,-3
2005/10/8 07:30,-3
2005/10/8 08:00,-3
2005/10/8 08:30,-3
2005/10/8 09:00,-3
2005/10/8 09:30,-3
2005/10/8 10:00,-3
2005/10/8 10:30,-3
2005/10/8 11:00,-5
2005/10/8 11:30,-5
2005/10/8 12:00,-6
2005/10/8 12:30,-7
2005/10/8 13:00,-7
2005/10/8 13:30,-7
2005/10/8 14:00,-8
2005/10/8 14:30,-10
2005/10/8 15:00,-11
2005/10/8 15:30,-13
2005/10/8 16:00,-15
2005/10/8 16:30,-15
2005/10/8 17:00,-16
2005/10/8 17:30,-17
2005/10/8 18:00,-21
2005/10/8 18:30,-21
2005/10/8 19:00,-21
2005/10/8 19:30,-21
2005/10/8 20:00,-22
2005/10/8 20:30,-22
2005/10/8 21:00,-22
2005/10/8 21:30,-23
2005/10/8 22:00,-23
2005/10/8 22:30,-23
2005/10/8 23:00,-23
2005/10/8 23:30,-23
2005/10/9 00:00,0
2005/10/9 00:30,0
2005/10/9 01:00,0
2005/10/9 01:30,0
2005/10/9 02:00,0
2005/10/9 02:30,0
2005/10/9 03:00,0
2005/10/9 03:30,0
2005/10/9 04:00,0
2005/10/9 04:30,-1
2005/10/9 05:00,-1
2005/10/9 05:30,-1
2005/10/9 06:00,-1
2005/10/9 06:30,-1
2005/10/9 07:00,-1
2005/10/9 07:30,-1
2005/10/9 08:00,-1
2005/10/9 08:30,-1
2005/10/9 09:00,-1
2005/10/9 09:30,-1
2005/10/9 10:00,-1
2005/10/9 10:30,-1
2005/10/9 11:00,-1
2005/10/9 11:30,-2
2005/10/9 12:00,-2
2005/10/9 12:30,-3
2005/10/9 13:00,-4
2005/10/9 13:30,-4
2005/10/9 14:00,-4
2005/10/9 14:30,-6
2005/10/9 15:00,-6
2005/10/9 15:30,-7
2005/10/9 16:00,-11
2005/10/9 16:30,-12
2005/10/9 17:00,-15
2005/10/9 17:30,-17
2005/10/9 18:00,-18
2005/10/9 18:30,-20
2005/10/9 19:00,-21
2005/10/9 19:30,-24
2005/10/9 20:00,-24
2005/10/9 20:30,-25
2005/10/9 21:00,-28
2005/10/9 21:30,-28
2005/10/9 22:00,-28
2005/10/9 22:30,-31
2005/10/9 23:00,-32
2005/10/9 23:30,-32
2005/10/10 00:00,0
2005/10/10 00:30,0
2005/10/10 01:00,0
2005/10/10 01:30,0
2005/10/10 02:00,0
2005/10/10 02:30,0
2005/10/10 03:00,0
2005/10/10 03:30,0
2005/10/10 04:00,0
2005/10/10 04:30,0
2005/10/10 05:00,0
2005/10/10 05:30,0
2005/10/10 06:00,-2
2005/10/10 06:30,-2
2005/10/10 07:00,1
2005/10/10 07:30,1
2005/10/10 08:00,2
2005/10/10 08:30,3
2005/10/10 09:00,11
2005/10/10 09:30,18
2005/10/10 10:00,27
2005/10/10 10:30,27
2005/10/10 11:00,29
2005/10/10 11:30,32
2005/10/10 12:00,22
2005/10/10 12:30,24
2005/10/10 13:00,37
2005/10/10 13:30,40
2005/10/10 14:00,54
2005/10/10 14:30,57
2005/10/10 15:00,75
2005/10/10 15:30,76
2005/10/10 16:00,74
2005/10/10 16:30,78
2005/10/10 17:00,84
2005/10/10 17:30,76
2005/10/10 18:00,63
2005/10/10 18:30,55
2005/10/10 19:00,32
2005/10/10 19:30,22
2005/10/10 20:00,20
2005/10/10 20:30,20
2005/10/10 21:00,17
2005/10/10 21:30,17
2005/10/10 22:00,16
2005/10/10 22:30,14
2005/10/10 23:00,13
2005/10/10 23:30,12
2005/10/11 00:00,0
2005/10/11 00:30,-1
2005/10/11 01:00,-1
2005/10/11 01:30,-1
2005/10/11 02:00,-2
2005/10/11 02:30,-2
2005/10/11 03:00,-2
2005/10/11 03:30,-2
2005/10/11 04:00,-2
2005/10/11 04:30,-2
2005/10/11 05:00,-2
2005/10/11 05:30,-2
2005/10/11 06:00,-2
2005/10/11 06:30,0
2005/10/11 07:00,2
2005/10/11 07:30,4
2005/10/11 08:00,4
2005/10/11 08:30,7
2005/10/11 09:00,17
2005/10/11 09:30,26
2005/10/11 10:00,43
2005/10/11 10:30,43
2005/10/11 11:00,48
2005/10/11 11:30,43
2005/10/11 12:00,31
2005/10/11 12:30,37
2005/10/11 13:00,51
2005/10/11 13:30,53
2005/10/11 14:00,52
2005/10/11 14:30,54
2005/10/11 15:00,54
2005/10/11 15:30,56
2005/10/11 16:00,63
2005/10/11 16:30,60
2005/10/11 17:00,66
2005/10/11 17:30,53
2005/10/11 18:00,40
2005/10/11 18:30,31
2005/10/11 19:00,24
2005/10/11 19:30,23
2005/10/11 20:00,20
2005/10/11 20:30,16
2005/10/11 21:00,15
2005/10/11 21:30,13
2005/10/11 22:00,12
2005/10/11 22:30,11
2005/10/11 23:00,11
2005/10/11 23:30,8
2005/10/12 00:00,-3
2005/10/12 00:30,-3
2005/10/12 01:00,-3
2005/10/12 01:30,-4
2005/10/12 02:00,-4
2005/10/12 02:30,-4
2005/10/12 03:00,-4
2005/10/12 03:30,-4
2005/10/12 04:00,-4
2005/10/12 04:30,-4
2005/10/12 05:00,-4
2005/10/12 05:30,-4
2005/10/12 06:00,-4
2005/10/12 06:30,-5
2005/10/12 07:00,-6
2005/10/12 07:30,-6
2005/10/12 08:00,-8
2005/10/12 08:30,-5
2005/10/12 09:00,-6
2005/10/12 09:30,-7
2005/10/12 10:00,-15
2005/10/12 10:30,-8
2005/10/12 11:00,-1
2005/10/12 11:30,10
2005/10/12 12:00,7
2005/10/12 12:30,3
2005/10/12 13:00,5
2005/10/12 13:30,14
2005/10/12 14:00,19
2005/10/12 14:30,25
2005/10/12 15:00,27
2005/10/12 15:30,28
2005/10/12 16:00,33
2005/10/12 16:30,36
2005/10/12 17:00,30
2005/10/12 17:30,23
2005/10/12 18:00,18
2005/10/12 18:30,13
2005/10/12 19:00,10
2005/10/12 19:30,8
2005/10/12 20:00,6
2005/10/12 20:30,1
2005/10/12 21:00,1
2005/10/12 21:30,2
2005/10/12 22:00,2
2005/10/12 22:30,2
2005/10/12 23:00,0
2005/10/12 23:30,-4
2005/10/13 00:00,0
2005/10/13 00:30,-2
2005/10/13 01:00,-2
2005/10/13 01:30,-3
2005/10/13 02:00,-3
2005/10/13 02:30,-3
2005/10/13 03:00,-4
2005/10/13 03:30,-4
2005/10/13 04:00,-4
2005/10/13 04:30,-4
2005/10/13 05:00,-4
2005/10/13 05:30,-4
2005/10/13 06:00,-5
2005/10/13 06:30,-5
2005/10/13 07:00,-5
2005/10/13 07:30,-4
2005/10/13 08:00,-3
2005/10/13 08:30,2
2005/10/13 09:00,10
2005/10/13 09:30,15
2005/10/13 10:00,14
2005/10/13 10:30,20
2005/10/13 11:00,29
2005/10/13 11:30,29
2005/10/13 12:00,17
2005/10/13 12:30,20
2005/10/13 13:00,25
2005/10/13 13:30,34
2005/10/13 14:00,37
2005/10/13 14:30,39
2005/10/13 15:00,40
2005/10/13 15:30,47
2005/10/13 16:00,43
2005/10/13 16:30,37
2005/10/13 17:00,33
2005/10/13 17:30,32
2005/10/13 18:00,26
2005/10/13 18:30,17
2005/10/13 19:00,17
2005/10/13 19:30,15
2005/10/13 20:00,9
2005/10/13 20:30,5
2005/10/13 21:00,5
2005/10/13 21:30,4
2005/10/13 22:00,4
2005/10/13 22:30,3
2005/10/13 23:00,1
2005/10/13 23:30,-2
2005/10/14 00:00,-2
2005/10/14 00:30,-3
2005/10/14 01:00,-4
2005/10/14 01:30,-4
2005/10/14 02:00,-4
2005/10/14 02:30,-4
2005/10/14 03:00,-4
2005/10/14 03:30,-5
2005/10/14 04:00,-5
2005/10/14 04:30,-5
2005/10/14 05:00,-5
2005/10/14 05:30,-5
2005/10/14 06:00,-6
2005/10/14 06:30,-6
2005/10/14 07:00,-7
2005/10/14 07:30,-7
2005/10/14 08:00,-12
2005/10/14 08:30,-8
2005/10/14 09:00,8
2005/10/14 09:30,17
2005/10/14 10:00,14
2005/10/14 10:30,27
2005/10/14 11:00,43
2005/10/14 11:30,30
2005/10/14 12:00,36
2005/10/14 12:30,39
2005/10/14 13:00,53
2005/10/14 13:30,57
2005/10/14 14:00,61
2005/10/14 14:30,64
2005/10/14 15:00,58
2005/10/14 15:30,59
2005/10/14 16:00,60
2005/10/14 16:30,65
2005/10/14 17:00,55
2005/10/14 17:30,46
2005/10/14 18:00,37
2005/10/14 18:30,31
2005/10/14 19:00,28
2005/10/14 19:30,26
2005/10/14 20:00,26
2005/10/14 20:30,24
2005/10/14 21:00,23
2005/10/14 21:30,23
2005/10/14 22:00,23
2005/10/14 22:30,22
2005/10/14 23:00,18
2005/10/14 23:30,18
2005/10/15 00:00,0
2005/10/15 00:30,0
2005/10/15 01:00,0
2005/10/15 01:30,0
2005/10/15 02:00,0
2005/10/15 02:30,0
2005/10/15 03:00,0
2005/10/15 03:30,0
2005/10/15 04:00,0
2005/10/15 04:30,0
2005/10/15 05:00,0
2005/10/15 05:30,0
2005/10/15 06:00,0
2005/10/15 06:30,0
2005/10/15 07:00,0
2005/10/15 07:30,0
2005/10/15 08:00,0
2005/10/15 08:30,0
2005/10/15 09:00,0
2005/10/15 09:30,0
2005/10/15 10:00,0
2005/10/15 10:30,0
2005/10/15 11:00,0
2005/10/15 11:30,0
2005/10/15 12:00,-1
2005/10/15 12:30,-3
2005/10/15 13:00,-3
2005/10/15 13:30,-3
2005/10/15 14:00,-6
2005/10/15 14:30,-8
2005/10/15 15:00,-9
2005/10/15 15:30,-9
2005/10/15 16:00,-11
2005/10/15 16:30,-12
2005/10/15 17:00,-13
2005/10/15 17:30,-16
2005/10/15 18:00,-18
2005/10/15 18:30,-18
2005/10/15 19:00,-19
2005/10/15 19:30,-19
2005/10/15 20:00,-19
2005/10/15 20:30,-19
2005/10/15 21:00,-19
2005/10/15 21:30,-19
2005/10/15 22:00,-19
2005/10/15 22:30,-19
2005/10/15 23:00,-19
2005/10/15 23:30,-20
2005/10/16 00:00,-3
2005/10/16 00:30,-3
2005/10/16 01:00,-3
2005/10/16 01:30,-3
2005/10/16 02:00,-3
2005/10/16 02:30,-4
2005/10/16 03:00,-4
2005/10/16 03:30,-4
2005/10/16 04:00,-4
2005/10/16 04:30,-4
2005/10/16 05:00,-4
2005/10/16 05:30,-4
2005/10/16 06:00,-4
2005/10/16 06:30,-4
2005/10/16 07:00,-3
2005/10/16 07:30,-4
2005/10/16 08:00,-4
2005/10/16 08:30,-4
2005/10/16 09:00,-4
2005/10/16 09:30,-4
2005/10/16 10:00,-6
2005/10/16 10:30,-6
2005/10/16 11:00,-6
2005/10/16 11:30,-8
2005/10/16 12:00,-8
2005/10/16 12:30,-8
2005/10/16 13:00,-8
2005/10/16 13:30,-9
2005/10/16 14:00,-9
2005/10/16 14:30,-11
2005/10/16 15:00,-11
2005/10/16 15:30,-14
2005/10/16 16:00,-14
2005/10/16 16:30,-19
2005/10/16 17:00,-19
2005/10/16 17:30,-22
2005/10/16 18:00,-24
2005/10/16 18:30,-25
2005/10/16 19:00,-25
2005/10/16 19:30,-26
2005/10/16 20:00,-26
2005/10/16 20:30,-30
2005/10/16 21:00,-32
2005/10/16 21:30,-32
2005/10/16 22:00,-32
2005/10/16 22:30,-33
2005/10/16 23:00,-33
2005/10/16 23:30,-33
2005/10/17 00:00,0
2005/10/17 00:30,0
2005/10/17 01:00,-1
2005/10/17 01:30,-1
2005/10/17 02:00,-1
2005/10/17 02:30,-1
2005/10/17 03:00,-1
2005/10/17 03:30,-1
2005/10/17 04:00,-1
2005/10/17 04:30,-1
2005/10/17 05:00,-1
2005/10/17 05:30,-1
2005/10/17 06:00,-1
2005/10/17 06:30,-1
2005/10/17 07:00,1
2005/10/17 07:30,0
2005/10/17 08:00,4
2005/10/17 08:30,6
2005/10/17 09:00,16
2005/10/17 09:30,24
2005/10/17 10:00,38
2005/10/17 10:30,48
2005/10/17 11:00,55
2005/10/17 11:30,65
2005/10/17 12:00,66
2005/10/17 12:30,67
2005/10/17 13:00,70
2005/10/17 13:30,72
2005/10/17 14:00,80
2005/10/17 14:30,89
2005/10/17 15:00,84
2005/10/17 15:30,89
2005/10/17 16:00,87
2005/10/17 16:30,78
2005/10/17 17:00,82
2005/10/17 17:30,76
2005/10/17 18:00,68
2005/10/17 18:30,67
2005/10/17 19:00,59
2005/10/17 19:30,56
2005/10/17 20:00,55
2005/10/17 20:30,51
2005/10/17 21:00,47
2005/10/17 21:30,46
2005/10/17 22:00,45
2005/10/17 22:30,43
2005/10/17 23:00,41
2005/10/17 23:30,41
2005/10/18 00:00,0
2005/10/18 00:30,-2
2005/10/18 01:00,-3
2005/10/18 01:30,-3
2005/10/18 02:00,-4
2005/10/18 02:30,-4
2005/10/18 03:00,-4
2005/10/18 03:30,-4
2005/10/18 04:00,-5
2005/10/18 04:30,-5
2005/10/18 05:00,-5
2005/10/18 05:30,-5
2005/10/18 06:00,-5
2005/10/18 06:30,-5
2005/10/18 07:00,-5
2005/10/18 07:30,-6
2005/10/18 08:00,-7
2005/10/18 08:30,-4
2005/10/18 09:00,3
2005/10/18 09:30,11
2005/10/18 10:00,23
2005/10/18 10:30,24
2005/10/18 11:00,31
2005/10/18 11:30,30
2005/10/18 12:00,16
2005/10/18 12:30,19
2005/10/18 13:00,33
2005/10/18 13:30,33
2005/10/18 14:00,33
2005/10/18 14:30,45
2005/10/18 15:00,50
2005/10/18 15:30,56
2005/10/18 16:00,63
2005/10/18 16:30,61
2005/10/18 17:00,42
2005/10/18 17:30,39
2005/10/18 18:00,24
2005/10/18 18:30,12
2005/10/18 19:00,10
2005/10/18 19:30,7
2005/10/18 20:00,5
2005/10/18 20:30,4
2005/10/18 21:00,4
2005/10/18 21:30,4
2005/10/18 22:00,2
2005/10/18 22:30,1
2005/10/18 23:00,0
2005/10/18 23:30,0
2005/10/19 00:00,0
2005/10/19 00:30,0
2005/10/19 01:00,0
2005/10/19 01:30,0
2005/10/19 02:00,0
2005/10/19 02:30,0
2005/10/19 03:00,0
2005/10/19 03:30,0
2005/10/19 04:00,0
2005/10/19 04:30,0
2005/10/19 05:00,0
2005/10/19 05:30,0
2005/10/19 06:00,0
2005/10/19 06:30,0
2005/10/19 07:00,0
2005/10/19 07:30,4
2005/10/19 08:00,5
2005/10/19 08:30,11
2005/10/19 09:00,17
2005/10/19 09:30,25
2005/10/19 10:00,35
2005/10/19 10:30,38
2005/10/19 11:00,36
2005/10/19 11:30,42
2005/10/19 12:00,40
2005/10/19 12:30,34
2005/10/19 13:00,50
2005/10/19 13:30,58
2005/10/19 14:00,54
2005/10/19 14:30,62
2005/10/19 15:00,67
2005/10/19 15:30,68
2005/10/19 16:00,79
2005/10/19 16:30,87
2005/10/19 17:00,88
2005/10/19 17:30,66
2005/10/19 18:00,60
2005/10/19 18:30,52
2005/10/19 19:00,43
2005/10/19 19:30,39
2005/10/19 20:00,34
2005/10/19 20:30,32
2005/10/19 21:00,30
2005/10/19 21:30,30
2005/10/19 22:00,24
2005/10/19 22:30,21
2005/10/19 23:00,21
2005/10/19 23:30,20
2005/10/20 00:00,0
2005/10/20 00:30,0
2005/10/20 01:00,-3
2005/10/20 01:30,-3
2005/10/20 02:00,-3
2005/10/20 02:30,-3
2005/10/20 03:00,-3
2005/10/20 03:30,-3
2005/10/20 04:00,-4
2005/10/20 04:30,-4
2005/10/20 05:00,-4
2005/10/20 05:30,-4
2005/10/20 06:00,-4
2005/10/20 06:30,-4
2005/10/20 07:00,-4
2005/10/20 07:30,-3
2005/10/20 08:00,-2
2005/10/20 08:30,5
2005/10/20 09:00,16
2005/10/20 09:30,28
2005/10/20 10:00,34
2005/10/20 10:30,33
2005/10/20 11:00,33
2005/10/20 11:30,30
2005/10/20 12:00,21
2005/10/20 12:30,19
2005/10/20 13:00,31
2005/10/20 13:30,38
2005/10/20 14:00,42
2005/10/20 14:30,41
2005/10/20 15:00,47
2005/10/20 15:30,44
2005/10/20 16:00,43
2005/10/20 16:30,40
2005/10/20 17:00,33
2005/10/20 17:30,27
2005/10/20 18:00,17
2005/10/20 18:30,13
2005/10/20 19:00,7
2005/10/20 19:30,6
2005/10/20 20:00,8
2005/10/20 20:30,7
2005/10/20 21:00,3
2005/10/20 21:30,1
2005/10/20 22:00,1
2005/10/20 22:30,-1
2005/10/20 23:00,-1
2005/10/20 23:30,-2
2005/10/21 00:00,-1
2005/10/21 00:30,-1
2005/10/21 01:00,-1
2005/10/21 01:30,-2
2005/10/21 02:00,-3
2005/10/21 02:30,-3
2005/10/21 03:00,-3
2005/10/21 03:30,-3
2005/10/21 04:00,-4
2005/10/21 04:30,-4
2005/10/21 05:00,-5
2005/10/21 05:30,-5
2005/10/21 06:00,-4
2005/10/21 06:30,-6
2005/10/21 07:00,-6
2005/10/21 07:30,-5
2005/10/21 08:00,-2
2005/10/21 08:30,3
2005/10/21 09:00,16
2005/10/21 09:30,27
2005/10/21 10:00,36
2005/10/21 10:30,42
2005/10/21 11:00,55
2005/10/21 11:30,61
2005/10/21 12:00,54
2005/10/21 12:30,61
2005/10/21 13:00,59
2005/10/21 13:30,58
2005/10/21 14:00,70
2005/10/21 14:30,76
2005/10/21 15:00,71
2005/10/21 15:30,73
2005/10/21 16:00,66
2005/10/21 16:30,63
2005/10/21 17:00,56
2005/10/21 17:30,40
2005/10/21 18:00,36
2005/10/21 18:30,32
2005/10/21 19:00,29
2005/10/21 19:30,25
2005/10/21 20:00,25
2005/10/21 20:30,25
2005/10/21 21:00,23
2005/10/21 21:30,23
2005/10/21 22:00,22
2005/10/21 22:30,22
2005/10/21 23:00,21
2005/10/21 23:30,20
2005/10/22 00:00,-2
2005/10/22 00:30,-2
2005/10/22 01:00,-2
2005/10/22 01:30,-3
2005/10/22 02:00,-3
2005/10/22 02:30,-3
2005/10/22 03:00,-3
2005/10/22 03:30,-3
2005/10/22 04:00,-4
2005/10/22 04:30,-4
2005/10/22 05:00,-5
2005/10/22 05:30,-5
2005/10/22 06:00,-5
2005/10/22 06:30,-5
2005/10/22 07:00,-5
2005/10/22 07:30,-5
2005/10/22 08:00,-5
2005/10/22 08:30,-5
2005/10/22 09:00,-5
2005/10/22 09:30,-5
2005/10/22 10:00,-5
2005/10/22 10:30,-5
2005/10/22 11:00,-5
2005/10/22 11:30,-6
2005/10/22 12:00,-6
2005/10/22 12:30,-6
2005/10/22 13:00,-7
2005/10/22 13:30,-7
2005/10/22 14:00,-7
2005/10/22 14:30,-8
2005/10/22 15:00,-12
2005/10/22 15:30,-13
2005/10/22 16:00,-14
2005/10/22 16:30,-14
2005/10/22 17:00,-16
2005/10/22 17:30,-18
2005/10/22 18:00,-19
2005/10/22 18:30,-20
2005/10/22 19:00,-20
2005/10/22 19:30,-22
2005/10/22 20:00,-22
2005/10/22 20:30,-22
2005/10/22 21:00,-22
2005/10/22 21:30,-22
2005/10/22 22:00,-22
2005/10/22 22:30,-22
2005/10/22 23:00,-23
2005/10/22 23:30,-25
2005/10/23 00:00,0
2005/10/23 00:30,0
2005/10/23 01:00,0
2005/10/23 01:30,0
2005/10/23 02:00,0
2005/10/23 02:30,0
2005/10/23 03:00,0
2005/10/23 03:30,0
2005/10/23 04:00,-1
2005/10/23 04:30,-1
2005/10/23 05:00,-1
2005/10/23 05:30,-1
2005/10/23 06:00,-1
2005/10/23 06:30,-1
2005/10/23 07:00,-1
2005/10/23 07:30,-1
2005/10/23 08:00,-1
2005/10/23 08:30,-1
2005/10/23 09:00,-1
2005/10/23 09:30,-1
2005/10/23 10:00,-1
2005/10/23 10:30,-1
2005/10/23 11:00,-1
2005/10/23 11:30,-1
2005/10/23 12:00,-1
2005/10/23 12:30,-1
2005/10/23 13:00,-1
2005/10/23 13:30,-1
2005/10/23 14:00,-2
2005/10/23 14:30,-2
2005/10/23 15:00,-4
2005/10/23 15:30,-6
2005/10/23 16:00,-7
2005/10/23 16:30,-9
2005/10/23 17:00,-11
2005/10/23 17:30,-14
2005/10/23 18:00,-20
2005/10/23 18:30,-21
2005/10/23 19:00,-22
2005/10/23 19:30,-22
2005/10/23 20:00,-24
2005/10/23 20:30,-23
2005/10/23 21:00,-22
2005/10/23 21:30,-22
2005/10/23 22:00,-29
2005/10/23 22:30,-29
2005/10/23 23:00,-30
2005/10/23 23:30,-30
2005/10/24 00:00,0
2005/10/24 00:30,-1
2005/10/24 01:00,-2
2005/10/24 01:30,-2
2005/10/24 02:00,-2
2005/10/24 02:30,-3
2005/10/24 03:00,-3
2005/10/24 03:30,-3
2005/10/24 04:00,-3
2005/10/24 04:30,-3
2005/10/24 05:00,-3
2005/10/24 05:30,-3
2005/10/24 06:00,-4
2005/10/24 06:30,-7
2005/10/24 07:00,-7
2005/10/24 07:30,-5
2005/10/24 08:00,-1
2005/10/24 08:30,8
2005/10/24 09:00,14
2005/10/24 09:30,20
2005/10/24 10:00,27
2005/10/24 10:30,30
2005/10/24 11:00,39
2005/10/24 11:30,39
2005/10/24 12:00,31
2005/10/24 12:30,35
2005/10/24 13:00,43
2005/10/24 13:30,49
2005/10/24 14:00,57
2005/10/24 14:30,67
2005/10/24 15:00,67
2005/10/24 15:30,68
2005/10/24 16:00,63
2005/10/24 16:30,49
2005/10/24 17:00,47
2005/10/24 17:30,50
2005/10/24 18:00,47
2005/10/24 18:30,55
2005/10/24 19:00,36
2005/10/24 19:30,26
2005/10/24 20:00,64
2005/10/24 20:30,49
2005/10/24 21:00,33
2005/10/24 21:30,-3
2005/10/24 22:00,-4
2005/10/24 22:30,-6
2005/10/24 23:00,-6
2005/10/24 23:30,-10
2005/10/25 00:00,-1
2005/10/25 00:30,-2
2005/10/25 01:00,-5
2005/10/25 01:30,-5
2005/10/25 02:00,-5
2005/10/25 02:30,-5
2005/10/25 03:00,-6
2005/10/25 03:30,-7
2005/10/25 04:00,-7
2005/10/25 04:30,-7
2005/10/25 05:00,-8
2005/10/25 05:30,-8
2005/10/25 06:00,-8
2005/10/25 06:30,-8
2005/10/25 07:00,-8
2005/10/25 07:30,-8
2005/10/25 08:00,-1
2005/10/25 08:30,-1
2005/10/25 09:00,7
2005/10/25 09:30,22
2005/10/25 10:00,40
2005/10/25 10:30,43
2005/10/25 11:00,37
2005/10/25 11:30,36
2005/10/25 12:00,29
2005/10/25 12:30,34
2005/10/25 13:00,43
2005/10/25 13:30,53
2005/10/25 14:00,52
2005/10/25 14:30,65
2005/10/25 15:00,70
2005/10/25 15:30,80
2005/10/25 16:00,77
2005/10/25 16:30,70
2005/10/25 17:00,61
2005/10/25 17:30,60
2005/10/25 18:00,48
2005/10/25 18:30,44
2005/10/25 19:00,41
2005/10/25 19:30,37
2005/10/25 20:00,33
2005/10/25 20:30,32
2005/10/25 21:00,30
2005/10/25 21:30,30
2005/10/25 22:00,25
2005/10/25 22:30,25
2005/10/25 23:00,23
2005/10/25 23:30,23
2005/10/26 00:00,-1
2005/10/26 00:30,-4
2005/10/26 01:00,-4
2005/10/26 01:30,-5
2005/10/26 02:00,-5
2005/10/26 02:30,-5
2005/10/26 03:00,-5
2005/10/26 03:30,-5
2005/10/26 04:00,-5
2005/10/26 04:30,-6
2005/10/26 05:00,-6
2005/10/26 05:30,-6
2005/10/26 06:00,-6
2005/10/26 06:30,-6
2005/10/26 07:00,-6
2005/10/26 07:30,-6
2005/10/26 08:00,-5
2005/10/26 08:30,-1
2005/10/26 09:00,7
2005/10/26 09:30,16
2005/10/26 10:00,43
2005/10/26 10:30,38
2005/10/26 11:00,37
2005/10/26 11:30,46
2005/10/26 12:00,37
2005/10/26 12:30,39
2005/10/26 13:00,42
2005/10/26 13:30,55
2005/10/26 14:00,57
2005/10/26 14:30,53
2005/10/26 15:00,60
2005/10/26 15:30,67
2005/10/26 16:00,63
2005/10/26 16:30,55
2005/10/26 17:00,48
2005/10/26 17:30,40
2005/10/26 18:00,33
2005/10/26 18:30,28
2005/10/26 19:00,25
2005/10/26 19:30,19
2005/10/26 20:00,13
2005/10/26 20:30,12
2005/10/26 21:00,12
2005/10/26 21:30,10
2005/10/26 22:00,10
2005/10/26 22:30,9
2005/10/26 23:00,8
2005/10/26 23:30,7
2005/10/27 00:00,0
2005/10/27 00:30,-2
2005/10/27 01:00,-2
2005/10/27 01:30,-2
2005/10/27 02:00,-2
2005/10/27 02:30,-4
2005/10/27 03:00,-5
2005/10/27 03:30,-6
2005/10/27 04:00,-6
2005/10/27 04:30,-6
2005/10/27 05:00,-6
2005/10/27 05:30,-7
2005/10/27 06:00,-7
2005/10/27 06:30,-7
2005/10/27 07:00,-7
2005/10/27 07:30,-5
2005/10/27 08:00,-7
2005/10/27 08:30,-3
2005/10/27 09:00,1
2005/10/27 09:30,12
2005/10/27 10:00,13
2005/10/27 10:30,15
2005/10/27 11:00,17
2005/10/27 11:30,19
2005/10/27 12:00,17
2005/10/27 12:30,19
2005/10/27 13:00,38
2005/10/27 13:30,45
2005/10/27 14:00,41
2005/10/27 14:30,43
2005/10/27 15:00,47
2005/10/27 15:30,48
2005/10/27 16:00,50
2005/10/27 16:30,43
2005/10/27 17:00,42
2005/10/27 17:30,35
2005/10/27 18:00,24
2005/10/27 18:30,18
2005/10/27 19:00,18
2005/10/27 19:30,15
2005/10/27 20:00,14
2005/10/27 20:30,12
2005/10/27 21:00,11
2005/10/27 21:30,8
2005/10/27 22:00,6
2005/10/27 22:30,5
2005/10/27 23:00,3
2005/10/27 23:30,2
2005/10/28 00:00,0
2005/10/28 00:30,-1
2005/10/28 01:00,-1
2005/10/28 01:30,-1
2005/10/28 02:00,-1
2005/10/28 02:30,-1
2005/10/28 03:00,-1
2005/10/28 03:30,-1
2005/10/28 04:00,-1
2005/10/28 04:30,-1
2005/10/28 05:00,-1
2005/10/28 05:30,-1
2005/10/28 06:00,-1
2005/10/28 06:30,-1
2005/10/28 07:00,0
2005/10/28 07:30,0
2005/10/28 08:00,3
2005/10/28 08:30,7
2005/10/28 09:00,13
2005/10/28 09:30,38
2005/10/28 10:00,28
2005/10/28 10:30,31
2005/10/28 11:00,33
2005/10/28 11:30,38
2005/10/28 12:00,42
2005/10/28 12:30,43
2005/10/28 13:00,56
2005/10/28 13:30,61
2005/10/28 14:00,75
2005/10/28 14:30,68
2005/10/28 15:00,56
2005/10/28 15:30,64
2005/10/28 16:00,60
2005/10/28 16:30,70
2005/10/28 17:00,60
2005/10/28 17:30,52
2005/10/28 18:00,42
2005/10/28 18:30,39
2005/10/28 19:00,37
2005/10/28 19:30,35
2005/10/28 20:00,35
2005/10/28 20:30,30
2005/10/28 21:00,30
2005/10/28 21:30,27
2005/10/28 22:00,26
2005/10/28 22:30,26
2005/10/28 23:00,24
2005/10/28 23:30,22
2005/10/29 00:00,0
2005/10/29 00:30,0
2005/10/29 01:00,-1
2005/10/29 01:30,-1
2005/10/29 02:00,-1
2005/10/29 02:30,-1
2005/10/29 03:00,-1
2005/10/29 03:30,-1
2005/10/29 04:00,-2
2005/10/29 04:30,-2
2005/10/29 05:00,-2
2005/10/29 05:30,-2
2005/10/29 06:00,-2
2005/10/29 06:30,-2
2005/10/29 07:00,-2
2005/10/29 07:30,-2
2005/10/29 08:00,-2
2005/10/29 08:30,-2
2005/10/29 09:00,-2
2005/10/29 09:30,-2
2005/10/29 10:00,-2
2005/10/29 10:30,-2
2005/10/29 11:00,-2
2005/10/29 11:30,-2
2005/10/29 12:00,-2
2005/10/29 12:30,-2
2005/10/29 13:00,-2
2005/10/29 13:30,-2
2005/10/29 14:00,-4
2005/10/29 14:30,-5
2005/10/29 15:00,-5
2005/10/29 15:30,-5
2005/10/29 16:00,-8
2005/10/29 16:30,-11
2005/10/29 17:00,-12
2005/10/29 17:30,-13
2005/10/29 18:00,-16
2005/10/29 18:30,-16
2005/10/29 19:00,-17
2005/10/29 19:30,-20
2005/10/29 20:00,-20
2005/10/29 20:30,-25
2005/10/29 21:00,-26
2005/10/29 21:30,-26
2005/10/29 22:00,-26
2005/10/29 22:30,-27
2005/10/29 23:00,-28
2005/10/29 23:30,-28
2005/10/30 00:00,0
2005/10/30 00:30,-2
2005/10/30 01:00,-2
2005/10/30 01:30,-2
2005/10/30 02:00,-4
2005/10/30 02:30,-4
2005/10/30 03:00,-4
2005/10/30 03:30,-4
2005/10/30 04:00,-4
2005/10/30 04:30,-4
2005/10/30 05:00,-5
2005/10/30 05:30,-5
2005/10/30 06:00,-5
2005/10/30 06:30,-5
2005/10/30 07:00,-5
2005/10/30 07:30,-5
2005/10/30 08:00,-5
2005/10/30 08:30,-5
2005/10/30 09:00,-7
2005/10/30 09:30,-7
2005/10/30 10:00,-7
2005/10/30 10:30,-7
2005/10/30 11:00,-8
2005/10/30 11:30,-8
2005/10/30 12:00,-8
2005/10/30 12:30,-8
2005/10/30 13:00,-8
2005/10/30 13:30,-9
2005/10/30 14:00,-9
2005/10/30 14:30,-9
2005/10/30 15:00,-9
2005/10/30 15:30,-9
2005/10/30 16:00,-9
2005/10/30 16:30,-9
2005/10/30 17:00,-11
2005/10/30 17:30,-11
2005/10/30 18:00,-13
2005/10/30 18:30,-14
2005/10/30 19:00,-14
2005/10/30 19:30,-15
2005/10/30 20:00,-18
2005/10/30 20:30,-18
2005/10/30 21:00,-18
2005/10/30 21:30,-19
2005/10/30 22:00,-19
2005/10/30 22:30,-20
2005/10/30 23:00,-20
2005/10/30 23:30,-20
2005/10/31 00:00,0
2005/10/31 00:30,0
2005/10/31 01:00,0
2005/10/31 01:30,0
2005/10/31 02:00,0
2005/10/31 02:30,0
2005/10/31 03:00,0
2005/10/31 03:30,0
2005/10/31 04:00,0
2005/10/31 04:30,0
2005/10/31 05:00,0
2005/10/31 05:30,-1
2005/10/31 06:00,-1
2005/10/31 06:30,-1
2005/10/31 07:00,-3
2005/10/31 07:30,-2
2005/10/31 08:00,1
2005/10/31 08:30,2
2005/10/31 09:00,3
2005/10/31 09:30,22
2005/10/31 10:00,32
2005/10/31 10:30,38
2005/10/31 11:00,44
2005/10/31 11:30,44
2005/10/31 12:00,51
2005/10/31 12:30,56
2005/10/31 13:00,40
2005/10/31 13:30,37
2005/10/31 14:00,48
2005/10/31 14:30,66
2005/10/31 15:00,77
2005/10/31 15:30,79
2005/10/31 16:00,79
2005/10/31 16:30,85
2005/10/31 17:00,75
2005/10/31 17:30,68
2005/10/31 18:00,51
2005/10/31 18:30,35
2005/10/31 19:00,17
2005/10/31 19:30,8
2005/10/31 20:00,3
2005/10/31 20:30,-2
2005/10/31 21:00,-5
2005/10/31 21:30,-9
2005/10/31 22:00,-10
2005/10/31 22:30,-11
2005/10/31 23:00,-13
2005/10/31 23:30,-14
2005/11/1 00:00,-3
2005/11/1 00:30,-4
2005/11/1 01:00,-4
2005/11/1 01:30,-6
2005/11/1 02:00,-7
2005/11/1 02:30,-7
2005/11/1 03:00,-7
2005/11/1 03:30,-8
2005/11/1 04:00,-8
2005/11/1 04:30,-8
2005/11/1 05:00,-8
2005/11/1 05:30,-8
2005/11/1 06:00,-8
2005/11/1 06:30,-8
2005/11/1 07:00,-8
2005/11/1 07:30,-8
2005/11/1 08:00,-10
2005/11/1 08:30,-9
2005/11/1 09:00,0
2005/11/1 09:30,12
2005/11/1 10:00,22
2005/11/1 10:30,26
2005/11/1 11:00,40
2005/11/1 11:30,47
2005/11/1 12:00,57
2005/11/1 12:30,39
2005/11/1 13:00,28
2005/11/1 13:30,30
2005/11/1 14:00,26
2005/11/1 14:30,36
2005/11/1 15:00,47
2005/11/1 15:30,50
2005/11/1 16:00,66
2005/11/1 16:30,73
2005/11/1 17:00,64
2005/11/1 17:30,62
2005/11/1 18:00,63
2005/11/1 18:30,49
2005/11/1 19:00,42
2005/11/1 19:30,59
2005/11/1 20:00,75
2005/11/1 20:30,55
2005/11/1 21:00,61
2005/11/1 21:30,35
2005/11/1 22:00,33
2005/11/1 22:30,30
2005/11/1 23:00,31
2005/11/1 23:30,28
2005/11/2 00:00,-2
2005/11/2 00:30,-4
2005/11/2 01:00,-4
2005/11/2 01:30,-4
2005/11/2 02:00,-4
2005/11/2 02:30,-4
2005/11/2 03:00,-5
2005/11/2 03:30,-5
2005/11/2 04:00,-5
2005/11/2 04:30,-5
2005/11/2 05:00,-5
2005/11/2 05:30,-6
2005/11/2 06:00,-6
2005/11/2 06:30,-6
2005/11/2 07:00,-6
2005/11/2 07:30,-6
2005/11/2 08:00,-7
2005/11/2 08:30,-3
2005/11/2 09:00,-4
2005/11/2 09:30,13
2005/11/2 10:00,21
2005/11/2 10:30,27
2005/11/2 11:00,33
2005/11/2 11:30,41
2005/11/2 12:00,41
2005/11/2 12:30,49
2005/11/2 13:00,35
2005/11/2 13:30,35
2005/11/2 14:00,64
2005/11/2 14:30,53
2005/11/2 15:00,58
2005/11/2 15:30,60
2005/11/2 16:00,57
2005/11/2 16:30,72
2005/11/2 17:00,90
2005/11/2 17:30,72
2005/11/2 18:00,67
2005/11/2 18:30,41
2005/11/2 19:00,28
2005/11/2 19:30,17
2005/11/2 20:00,12
2005/11/2 20:30,10
2005/11/2 21:00,9
2005/11/2 21:30,6
2005/11/2 22:00,6
2005/11/2 22:30,8
2005/11/2 23:00,7
2005/11/2 23:30,5
2005/11/3 00:00,0
2005/11/3 00:30,-3
2005/11/3 01:00,-6
2005/11/3 01:30,-6
2005/11/3 02:00,-6
2005/11/3 02:30,-6
2005/11/3 03:00,-6
2005/11/3 03:30,-6
2005/11/3 04:00,-6
2005/11/3 04:30,-6
2005/11/3 05:00,-6
2005/11/3 05:30,-6
2005/11/3 06:00,-5
2005/11/3 06:30,-6
2005/11/3 07:00,-6
2005/11/3 07:30,-6
2005/11/3 08:00,-6
2005/11/3 08:30,-5
2005/11/3 09:00,4
2005/11/3 09:30,10
2005/11/3 10:00,19
2005/11/3 10:30,27
2005/11/3 11:00,37
2005/11/3 11:30,44
2005/11/3 12:00,45
2005/11/3 12:30,32
2005/11/3 13:00,13
2005/11/3 13:30,4
2005/11/3 14:00,16
2005/11/3 14:30,20
2005/11/3 15:00,24
2005/11/3 15:30,29
2005/11/3 16:00,30
2005/11/3 16:30,33
2005/11/3 17:00,34
2005/11/3 17:30,28
2005/11/3 18:00,25
2005/11/3 18:30,16
2005/11/3 19:00,11
2005/11/3 19:30,5
2005/11/3 20:00,3
2005/11/3 20:30,1
2005/11/3 21:00,-1
2005/11/3 21:30,-5
2005/11/3 22:00,-7
2005/11/3 22:30,-8
2005/11/3 23:00,-10
2005/11/3 23:30,-12
2005/11/4 00:00,-2
2005/11/4 00:30,-9
2005/11/4 01:00,-9
2005/11/4 01:30,-9
2005/11/4 02:00,-10
2005/11/4 02:30,-10
2005/11/4 03:00,-11
2005/11/4 03:30,-11
2005/11/4 04:00,-12
2005/11/4 04:30,-12
2005/11/4 05:00,-12
2005/11/4 05:30,-12
2005/11/4 06:00,-12
2005/11/4 06:30,-12
2005/11/4 07:00,-12
2005/11/4 07:30,-12
2005/11/4 08:00,-12
2005/11/4 08:30,-10
2005/11/4 09:00,-9
2005/11/4 09:30,-1
2005/11/4 10:00,13
2005/11/4 10:30,36
2005/11/4 11:00,53
2005/11/4 11:30,45
2005/11/4 12:00,42
2005/11/4 12:30,60
2005/11/4 13:00,78
2005/11/4 13:30,78
2005/11/4 14:00,72
2005/11/4 14:30,76
2005/11/4 15:00,83
2005/11/4 15:30,86
2005/11/4 16:00,72
2005/11/4 16:30,76
2005/11/4 17:00,84
2005/11/4 17:30,86
2005/11/4 18:00,65
2005/11/4 18:30,63
2005/11/4 19:00,55
2005/11/4 19:30,52
2005/11/4 20:00,47
2005/11/4 20:30,45
2005/11/4 21:00,44
2005/11/4 21:30,42
2005/11/4 22:00,42
2005/11/4 22:30,41
2005/11/4 23:00,40
2005/11/4 23:30,39
